SMILES,label,MaxAbsEStateIndex,MaxEStateIndex,MinAbsEStateIndex,MinEStateIndex,EState_VSA1,EState_VSA10,EState_VSA11,EState_VSA2,EState_VSA3,EState_VSA4,EState_VSA5,EState_VSA6,EState_VSA7,EState_VSA8,EState_VSA9,VSA_EState1,VSA_EState10,VSA_EState2,VSA_EState3,VSA_EState4,VSA_EState5,VSA_EState6,VSA_EState7,VSA_EState8,VSA_EState9
Cl.Cl.N[C@@H](Cc1ccc([N+]([O-])(CCCl)CCCl)cc1)C(=O)O,0,12.595241297136138,12.595241297136138,0.0,-1.0487875280583612,16.65748496890931,10.001790208849112,0.0,56.08440764705179,5.687386274683562,5.563451491696996,0.0,24.26546827384644,0.0,0.0,34.04207465246792,-0.585055429579239,11.332011030851818,10.692783933438696,21.354931521634263,6.792585772562775,-0.5646037851805346,5.834482972201226,0.22170914868004798,0.47671039094650247,0.0
CC1CCCC2(C(O2)CC(OC(=O)CC(C(C(=O)C(C1O)C)(C)C)O)C(=CC3=CSC(=N3)C)C)C,0,13.212935996258473,13.212935996258473,0.04553583238851111,-1.2278439698946106,35.61410096675493,19.802129157825057,0.0,29.826989814184333,6.4208216229260096,35.537121090548524,0.0,32.107997477006606,32.22729447637167,11.907715720637832,9.473725907600098,11.92213734567901,1.5580150369984145,30.623248351494777,24.61134223875907,0.1791465421319779,-1.5476267768204817,0.0,1.9840372681650844,12.836366660258811,0.0
CC(=O)N(O)CCCCCNC(=O)CCC(=O)N(O)CCCCCNC(=O)CCC(=O)N(O)CCCCCN.CS(=O)(=O)O,0,11.982260898260375,11.982260898260375,0.019079622431686927,-3.6666666666666665,27.839666047088073,48.012241979019905,0.0,57.13191516814478,79.60462131370124,19.26246486877803,6.923737199690624,0.0,0.0,10.633577208012662,10.286417350852549,25.868055555555557,0.0,58.38062418884438,36.05658571792469,5.3931314540781,-2.051920810684872,0.0,6.551267750207579,3.2189228107412475,-3.6666666666666665
CC(C)CC(NC(=O)CNC(=O)c1cc(Cl)ccc1Cl)B1OC(=O)C(CC(=O)O)(CC(=O)O)O1,1,12.508570728703003,12.508570728703003,0.02647414891372324,-2.222387877366007,67.769310717397,23.97268592035911,0.0,27.947445788267054,0.0,0.0,18.19910120538483,0.0,13.847474399381248,10.633577208012662,42.72365083819713,10.647954224874319,11.842492246225177,59.707150025235634,23.651383389957623,-2.1521302236936073,-6.320498474696765,4.278130044414871,-1.6023433231143587,3.174134381317234,-1.4207167349645713
CCc1nc(-c2cccc(C)c2)c(-c2ccnc(NC(=O)c3ccccc3)c2)s1,0,12.477368205304263,12.477368205304263,0.1734171752570015,-0.1734171752570015,0.0,4.794537184071822,0.0,5.907179729351506,11.381314269532023,33.12642349172253,5.563451491696996,29.666363586471032,30.33183534230805,48.41370979818123,4.9839785209472085,0.0,1.685666187835199,22.75691938149099,3.97796132058578,4.87318495948224,0.3525029767544203,21.387400682957935,2.6046315229000947,4.195066301326673,0.0
Cn1cnc2c(F)c(Nc3ccc(Br)cc3Cl)c(C(=O)NOCCO)cc21,0,15.136821223859911,15.136821223859911,0.0004863079491057576,-0.6950059182623669,11.7244005703974,4.794537184071822,4.39041504767482,29.981302413022657,16.226720306041152,4.472719515832414,12.393687143226153,29.813872835853374,0.0,31.710807621024088,21.545055868809854,17.492601415461863,9.50502683519167,21.400907439711247,11.974163665068698,3.056064066830437,-1.3744650599437307,6.525081816281761,1.4524599752622538,-0.3626053764796271,1.6918763337265321
C=CCNC1=C2C[C@@H](C)C[C@H](OC)[C@H](O)[C@@H](C)/C=C(\C)[C@H](OC(N)=O)[C@@H](OC)/C=C\C=C(/C)C(=O)NC(=CC1=O)C2=O,0,13.543777654063652,13.543777654063652,0.13197909552301645,-1.00060424979937,53.9006812901744,24.28467613112799,0.0,41.42377176125018,11.993926152995277,6.076020106833881,20.295615189388947,45.075292026407396,6.923737199690624,17.21251289161116,19.944256338562333,16.553938412601227,0.0,51.2725712999576,16.747144691665135,6.4194893702971925,-2.1438806835870183,0.0,5.3354691442624915,10.896658947773345,2.9186088170300364
CC(C)(C)NCC(O)COc1nsnc1N1CCOCC1.O=C(O)/C=C\C(=O)O,0,9.946664304610733,9.946664304610733,0.025666754164680006,-1.2570370370370372,18.042576963652003,14.69560176298435,0.0,12.145807216896262,37.790548885041545,30.635562934858793,0.0,0.0,0.0,39.734989896761576,19.68678069728151,19.394052351413933,1.1244011925757955,21.206545965608466,28.810449476469497,-0.025666754164680006,-1.2677877377802966,0.0,0.5356149743848151,9.805723864825806,0.0
CCCCOCCOc1ccc(-c2ccc3c(c2)/C=C(/C(=O)Nc2ccc([S@@](=O)Cc4cncn4CCC)cc2)CCCN3CC(C)C)cc1,0,13.697806455172392,13.697806455172392,0.11465016039674092,-1.213694778804639,10.799569042904308,9.00343567623629,0.0,5.907179729351506,36.99273147954359,96.21420625744865,0.0,12.524163646377618,36.39820241076966,83.8705807514998,9.473725907600098,26.670676198517782,0.0,21.094920496163468,3.0982478584238753,6.727671469554495,1.6161166506034488,22.05094762054402,10.365817534212075,13.3115191730077,-1.213694778804639
Cn1cnc2c(F)c(Nc3ccc(Br)cc3F)c(C(=O)NOCCO)cc21,0,15.057456144494832,15.057456144494832,0.01601140610565177,-0.8030306096203914,17.541621411443295,9.184952231746642,4.39041504767482,35.668688687706215,9.989420233448676,0.0,24.52642128014937,17.681138698930155,0.0,31.710807621024088,9.94411597857734,31.301551843969317,3.148752923333794,21.23136868799657,11.363563539101058,2.1594921973419003,-2.1935386553164786,5.615006860373473,1.404449001325354,-0.43363384296263896,1.6529874448376431
CC1(CCO)C[C@]2(CC[C@H](C(C)(C)C)CC2)OO1,1,9.091849080719932,9.091849080719932,0.07770833333333327,-0.2883738425925926,0.0,0.0,0.0,17.808983586480295,11.83581209232279,25.18037091493942,12.841643245852019,0.0,6.923737199690624,20.771211599071872,14.881669301352929,0.0,0.0,11.234502787226003,9.091849080719932,0.032204703640715704,0.7883545655916686,0.0,6.227095970332578,9.209326225822437,0.0
CN(C)c1cccc(-c2c3c(=O)n(-c4ccccc4Cl)[nH]c3cc(=O)n2C)c1,0,13.304869614512473,13.304869614512473,0.20341227849164323,-0.260225812547241,0.0,9.589074368143644,0.0,11.118533790104014,27.306872515354407,11.250837766380558,15.31526965139815,31.31314025652363,43.2607219700513,5.098681808301038,11.600939890232516,2.883952664399093,6.281091086053507,27.843083589696295,3.9186158725300144,2.8768397452849124,0.0,16.247480546911312,0.0,0.0,5.560047606235978
CC(=O)O[C@@]12CO[C@@H]1C[C@H](O)[C@@]1(C)C(=O)[C@H](O)C3=C(C)[C@@H](OC(=O)[C@H](O)[C@@H](NC(=O)OC(C)(C)C)c4ccccc4)C[C@@](O)([C@@H](OC(=O)c4ccccc4)[C@H]21)C3(C)C.O,0,14.945481969958259,14.945481969958259,0.0,-2.3534381141562335,112.42190107762873,44.39879549972193,0.0,35.21355597515582,5.563451491696996,6.923737199690624,25.980208536304467,83.14962254614599,0.0,5.316788604006331,23.684314769000245,29.507859364191926,0.0,68.90980717341509,51.56241389387875,-8.13552639593535,-5.363479982528286,14.62746069590883,-11.482330648139211,11.790462565874922,0.0
COC1=C(C=C(C(=C1)N2C(=O)C3=CC=CC=C3NC2=S)Cl)Cl,0,12.730356985386749,12.730356985386749,0.245347694633409,-0.2586800831443685,0.0,4.794537184071822,0.0,10.330332665642166,32.385089667531176,0.0,17.743264257530498,24.26546827384644,6.06636706846161,4.9839785209472085,40.156616177311776,6.756705089443184,17.557155590337857,15.752619205089445,1.184028460149493,0.8299501956132256,0.4125234105988076,10.240355817517463,0.0,0.0,1.488884453472747
CCn1c2ccccc2c2cc(-n3nncc3-c3ccccc3)ccc21,0,4.336517935878055,4.336517935878055,0.946379706586236,0.946379706586236,0.0,0.0,0.0,0.0,0.0,23.489522167141594,21.805849864162113,0.0,29.07774771214309,76.40020736759239,0.0,4.264607898715042,0.0,0.0,10.998713388133032,5.632844275183292,0.0,25.324543996100633,1.8143384668682287,3.131618641666441,0.0
Cc1c2oc3c(C)ccc(C(=O)N[C@@H]4C(=O)N[C@@H](C(C)C)C(=O)N5CCC[C@H]5C(=O)N(C)CC(=O)N(C)[C@@H](C(C)C)C(=O)O[C@@H]4C)c3nc-2c(C(=O)N[C@@H]2C(=O)N[C@@H](C(C)C)C(=O)N3CCC[C@H]3C(=O)N(C)CC(=O)N(C)[C@@H](C(C)C)C(=O)O[C@@H]2C)c(N)c1=O,1,15.18304277792763,15.18304277792763,0.07630304948347777,-1.883873546368781,190.68776042769932,52.73990902479004,9.589074368143644,53.9180273192041,18.405094737549014,9.799819461700956,80.69427259010575,62.3136347972156,0.0,21.267154416025324,24.608522842762838,18.29715262748304,0.0,199.2508969525003,10.681160314999978,3.568276919814764,-12.363301552971892,-7.900671330041046,-1.650609259966071,18.365291069855516,5.5851375916587696
C=CCc1cccc(CNc2nc3ccccc3n2CCC)c1O,0,10.395407297178132,10.395407297178132,0.33615984819853884,0.33615984819853884,0.0,5.106527394840706,0.0,0.0,18.71508986212249,41.07422172845159,0.0,6.076020106833881,36.39820241076966,34.43690672449563,0.0,2.194417753212396,0.0,4.688821255353993,13.775391471403378,3.875347922596751,1.1755799897119343,13.962187575885961,3.4960945819252096,7.33215944991038,0.0
Cl.Cl.O=S(=O)(c1cccc2cnccc12)N1CCCNCC1,0,12.831725245653818,12.831725245653818,0.0,-3.4464120370370375,10.023291153407584,8.417796984328938,0.0,24.814066322359952,24.529752693255503,23.738026457768175,0.0,34.89800433990722,6.06636706846161,10.30076712495354,0.0,27.235079365079365,0.0,4.4194808201058216,4.806299366969011,0.0,0.0,7.089858749055178,4.16192578420257,2.6504346182917615,-3.4464120370370375
Cc1[nH]c2ccccc2c1CCNCc1ccc(/C=C/C(=O)NO)cc1,1,10.96945683077554,10.96945683077554,0.5385949665997909,-0.5385949665997909,5.907179729351506,4.794537184071822,0.0,0.0,0.0,25.073785926448156,33.79977601715739,11.556116704955084,24.26546827384644,41.4899725984906,5.20725302477729,0.0,0.0,14.407092149475236,13.24284195021186,7.459730454403809,-0.5385949665997909,16.351106047277447,3.922897112649964,3.82159391924814,0.0
Cc1ccc(F)c(NC(=O)Nc2ccc(-c3cccc4[nH]nc(N)c34)cc2)c1,0,13.782611006348521,13.782611006348521,0.13539899614574957,-0.5153420781893006,11.848335353383966,9.184952231746642,0.0,5.687386274683562,11.50524905251859,27.593279407172048,6.06636706846161,24.26546827384644,37.255572541998674,20.830940824614736,5.733667477162185,13.782611006348521,0.0,12.16723119326294,13.021722855553435,10.286843039905083,-0.04698720167657422,17.127301917978635,0.0,1.8279438552946297,0.0
CS(=O)(=O)CCNCc1ccc(-c2ccc3ncnc(Nc4ccc(OCc5cccc(F)c5)c(Cl)c4)c3c2)o1,0,13.43080267349532,13.43080267349532,0.06636168724030922,-3.0189964704993364,9.837253136417502,12.808212032003757,0.0,18.1769564123056,52.45085334081485,16.466376423778055,24.715823395199166,24.26546827384644,36.39820241076966,20.60153424990708,20.754953781085913,47.77016383386254,6.467436423952425,8.79698874038175,7.555419093540143,2.9915328563347954,2.1726441865322363,20.978044529702686,2.6916802072288206,0.9561977100750518,-3.0189964704993364
CCc1c2c(nc3ccc(O)cc13)-c1cc3c(c(=O)n1C2)COC(=O)[C@]3(O)CC,1,13.224197583354329,13.224197583354329,0.11033686474793969,-1.8320326769941224,11.570356098935537,19.802129157825057,0.0,24.33648231577484,35.4803370019295,22.02982791547505,0.0,35.756305121328424,6.923737199690624,0.0,9.720841474747257,6.732585004948821,0.0,30.238678980974807,21.711087674311518,2.4665645242320493,-0.562938219288327,6.7466929647649785,0.8263631911735715,3.924299212215913,0.0
CC/C(=C(\c1ccccc1)c1ccc(OCCN(C)C)cc1)c1ccccc1,0,5.87098820026174,5.87098820026174,0.692414393800577,0.692414393800577,0.0,0.0,0.0,0.0,6.606881964512918,18.71508986212249,27.83656353522952,0.0,0.0,110.84812985435806,4.736862953800049,5.87098820026174,0.0,2.1230161675679353,0.0,6.369187126105418,0.9127511652809271,29.820595624675086,0.9675864004922445,3.8262552088248265,4.109620106791824
CCCCC(=O)OCC(=O)[C@]1(O)Cc2c(O)c3c(c(O)c2[C@@H](O[C@H]2C[C@H](NC(=O)C(F)(F)F)[C@H](O)[C@H](C)O2)C1)C(=O)c1c(OC)cccc1C3=O,0,13.873487826625382,13.873487826625382,0.004887286391268564,-5.287249485234997,120.14260938980618,57.57004064274639,0.0,34.4241394229979,12.841643245852019,0.0,32.232635946352985,5.316788604006331,6.923737199690624,0.0,18.947451815200196,61.1391662495305,0.0,64.94738468217413,47.22430111516856,-4.848417006395429,-7.655882808796434,2.5759449432367765,-12.343283819067455,2.2084204597579276,1.252366184391419
CC(=O)NC(CS)C(=O)O,0,10.309104938271606,10.309104938271606,0.10606481481481467,-1.0646296296296296,12.011146117099809,9.589074368143644,0.0,11.660033336098294,0.0,0.0,6.923737199690624,0.0,0.0,17.94557775201932,5.106527394840706,0.0,3.734027777777778,20.511512345679016,10.57263888888889,0.0,-1.318333333333333,-0.8742283950617289,0.0,1.2632716049382715,0.0
Cc1c[nH]c2nccc(Oc3c(F)cc(Nc4cc(Cl)nc(N)n4)cc3F)c12,0,14.572515650807649,14.572515650807649,0.06993162956643895,-0.894651832955405,17.383953515375694,8.78083009534964,0.0,28.356209983681786,11.033401435232523,17.696185628620217,12.263210640074686,12.263210640074686,6.923737199690624,25.252702687795164,22.071470321194752,34.67632486842473,5.798549996107992,14.742312784085353,3.471328002372757,7.020263966404562,-1.9006640574898233,5.069799780513165,3.227584087053021,1.8389450169726838,0.0
CC1=[N+](C2=C(N1CCOC)C(=O)C3=CC=CC=C3C2=O)CC4=NC=CN=C4.[Br-],1,13.25024321302595,13.25024321302595,0.0,-0.14966931216931179,0.0,9.589074368143644,0.0,28.547940744856163,42.21115374942898,11.518332492848387,0.0,49.9657965299632,16.057936495273335,9.967957041894417,4.736862953800049,8.921013316789832,0.0,34.85529275676958,0.0,2.41305791761149,0.5119122679936178,6.954574859647461,4.876428576634204,3.1887823601662886,1.6122712777208628
CCN1CCN(Cc2ccc(Nc3ncc(F)c(-c4cc(F)c5nc(C)n(C(C)C)c5c4)n3)nc2)CC1.CS(=O)(=O)O,0,14.938285462593534,14.938285462593534,0.00953789332258137,-3.6666666666666665,21.752568541125342,17.198627079678577,0.0,23.20080882259918,28.978188668659612,51.02883349878552,6.06636706846161,6.06636706846161,43.66788895539952,41.97625934918675,4.552749873690364,57.52401543020528,0.0,22.1322490875078,3.0394767486501792,2.315977513964232,0.2749479533693525,6.939818271254591,3.6316947738308665,14.225153554551035,-3.6666666666666665
Cc1nc(Nc2ncc(C(=O)Nc3c(C)cccc3Cl)s2)cc(N2CCN(CCO)CC2)n1,0,12.693081800261481,12.693081800261481,0.17311797422773734,-0.2666136091002893,0.0,4.794537184071822,0.0,12.514061693864424,38.90574894371304,37.560339893182324,17.533629449547814,6.06636706846161,32.046575604766076,35.38533223255524,16.70746728507322,0.0,7.457830513857925,30.975300560948945,16.24512659009515,1.4880803972808272,1.851363352595038,7.367072949316626,1.5315981931343652,8.028071887215573,0.0
CC(C)(CC1=CC2=CC=CC=C2C=C1)NCC(COC3=C(C(=CC=C3)Cl)C#N)O,0,10.310757037408372,10.310757037408372,0.07745711903269625,-0.7116638998727749,6.103966387748303,10.368418949579192,0.0,17.709258708593257,17.316901552937807,6.4208216229260096,16.335899920626588,18.19910120538483,18.201955449715495,49.49609834569563,16.337802844032566,5.605397635708263,6.001871545840766,0.0,25.709492923022353,1.3264844273948366,0.3837721084577357,21.868731946337636,0.11996821679135838,4.6787256408914955,0.0
O=S(=O)(NCCSSCCNS(=O)(=O)c1cc(Cl)ccc1Cl)c1cc(Cl)ccc1Cl,0,12.26981192978144,12.26981192978144,0.08018286937031283,-3.7724100613452056,20.046582306815168,16.835593968657875,0.0,42.971013017825996,11.505707213493578,0.0,57.9859983635431,0.0,0.0,9.444189728904176,46.40375956093006,53.974869007091094,23.480763216112727,-0.16036573874062587,0.7078483419316839,0.0,0.9344301129032371,8.410816561941644,0.0,0.3466106503692181,-4.7505277071645295
C[C@H]1O[C@@H](O[C@H]2[C@@H](O)C[C@H](O[C@H]3[C@@H](O)C[C@H](O[C@H]4CC[C@@]5(C)[C@H](CC[C@@H]6[C@@H]5C[C@@H](O)[C@]5(C)[C@@H](C7=CC(=O)OC7)CC[C@]65O)C4)O[C@@H]3C)O[C@@H]2C)C[C@H](O)[C@@H]1O,1,12.568396954481036,12.568396954481036,0.04520626746168088,-1.012484854401225,90.92578534586912,35.43370155311605,0.0,61.11132711687205,18.75954929201341,44.09803426762532,0.0,19.92349450621513,13.847474399381248,6.923737199690624,33.15804067660034,42.07609305117681,0.0,11.94416008709359,66.86696110569042,-0.8917606903031147,0.20418191395697838,0.0,-1.5118808956400893,9.895578761358749,0.0
CN(C)CC[C@H](CSc1ccccc1)Nc1ccc(S(=O)(=O)NC(=O)c2ccc(N3CCN(Cc4ccccc4-c4ccc(Cl)cc4)CC3)cc2)cc1[N+](=O)[O-],1,13.350173424520452,13.350173424520452,0.14022089500093782,-4.4264753017336025,26.54116820626032,23.32665243716633,0.0,22.188162071046293,17.196308543414126,61.481226745835386,23.259637120317212,36.027353223237554,79.65892438082098,38.03780413554421,11.600939890232516,28.78843137939308,7.7471015010764255,32.1047204942583,16.150232351821344,4.447439989755548,-0.18676194714938643,36.45286597584519,0.7043110809325581,4.828433655185808,-0.50899670334109
CC(C)(C)OC(=O)Nc1ccc(-c2cc(C(=O)NCCCCCCC(=O)NO)no2)cc1,0,12.220098903612646,12.220098903612646,0.17645683107443588,-0.584037390624595,17.60147061127361,14.383611552215466,0.0,18.021929347125976,29.976663214093584,19.26246486877803,0.0,56.58314353950112,0.0,15.790240465138108,14.467210915550687,10.481644388790802,0.0,34.94941917876046,17.661708827483523,2.4639715017114137,-0.2934428770415576,8.438946203708927,2.868518227345648,5.84590121590745,0.0
C[C@]1(c2nc3c(C(N)=O)cccc3[nH]2)CCCN1.Cl.Cl,0,11.377987370874276,11.377987370874276,0.0,-0.4414961262282693,5.907179729351506,4.794537184071822,0.0,30.3529915747433,11.080152209313258,30.727504867380784,0.0,6.06636706846161,12.13273413692322,22.20848284559137,5.733667477162185,0.0,0.0,19.23868181531872,3.448989040060469,7.224702695893172,0.4369297996976568,5.435593348450491,2.175544138951877,3.122892494960947,0.0
Cc1ccc(Nc2nccc(N(C)c3ccc4c(C)n(C)nc4c3)n2)cc1S(N)(=O)=O,0,11.779825719936824,11.779825719936824,0.05993496598696968,-3.8219773298611472,10.023291153407584,8.417796984328938,0.0,4.895483475517775,23.01703982520208,22.284239201613083,6.06636706846161,31.31968197668853,48.79989503642549,20.383427454201787,5.138973737607942,25.419306893387812,0.0,10.79515830455717,13.994250458882703,4.047340546796058,1.0061256115100365,12.77812542477374,1.6382820111069119,3.725197471821334,0.01287994383090263
CO[C@H]1C(=O)[C@]2(C)[C@@H](OC)C[C@H]3OC[C@@]3(OC(C)=O)[C@H]2[C@H](OC(=O)c2ccccc2)[C@]2(O)C[C@H](OC(=O)[C@H](O)[C@@H](NC(=O)OC(C)(C)C)c3ccccc3)C(C)=C1C2(C)C,0,15.540620858847149,15.540620858847149,0.1212256031559853,-2.220133125494101,112.42190107762872,29.3912035259687,4.794537184071822,24.16425960920519,11.136556021766264,0.0,21.14333228224569,109.12983108245048,0.0,5.316788604006331,33.15804067660034,42.35574723617775,0.0,70.1020197928367,27.976861957245667,-6.721944699226675,-4.522978105724099,15.054483028939767,-9.312994796884619,12.700491897596716,2.7849803557054646
CC1(C)CCC(c2ccc(Cl)cc2)=C(CN2CCN(c3ccc(C(=O)NS(=O)(=O)c4ccc(N[C@H](CCN5CCOCC5)CSc5ccccc5)c(S(=O)(=O)C(F)(F)F)c4)cc3)CC2)C1,1,14.177963980373558,14.177963980373558,0.0018616884596298622,-6.052871819810299,52.796248575307914,34.80137629575416,0.0,10.978441961093775,56.1107087586393,74.70185078546545,40.60427963814987,12.13273413692322,47.186664343683354,45.99672633286224,16.337802844032566,103.1402178913901,7.637150356907407,18.99174298820997,3.7077700745798,-1.0148582797054093,-0.6534164014235428,25.790653392451027,3.5981812859602864,11.639476878732527,-10.892473742657696
O=C1NC(=O)C(c2cnc3ccccn23)=C1c1cn2c3c(cc(F)cc13)CN(C(=O)N1CCCCC1)CC2,0,15.031721533386849,15.031721533386849,0.021795911335121376,-0.5280513138118026,17.631580299748904,14.383611552215466,4.39041504767482,23.722079978389182,40.94374522530012,37.86867839821944,12.13273413692322,27.8911350519515,27.666110584026665,10.30076712495354,0.0,18.757945715522933,0.0,47.49193198905806,2.961691324044076,3.468857754500593,-1.5011690844480265,8.326858767191808,8.285155595577804,2.708727938552749,0.0
CN1CCc2c(c3ccccc3n2Cc2ccc(C(=O)NO)cc2)C1,0,11.467881843767556,11.467881843767556,0.45117393420739416,-0.48761071687117874,5.907179729351506,4.794537184071822,0.0,0.0,5.563451491696996,31.618542332360732,22.160304418626517,17.612830735044422,12.13273413692322,40.78014963516546,5.20725302477729,2.4015750976316452,0.0,13.830391117109746,10.063146010269406,7.362403170083824,-0.48761071687117874,15.951652843917037,1.047138122402823,2.8313211429990828,2.1666498791242796
CCN(CC)CCOC1=CC=C(C=C1)NC2=NC=C3C=C(C(=O)N(C3=N2)C)C4=C(C=CC=C4Cl)Cl,1,13.10953845973847,13.10953845973847,0.24688580665648718,-0.24688580665648718,0.0,4.794537184071822,0.0,5.559266895052007,44.760792291608574,31.07116732570519,4.567099647791355,37.509983828136704,24.26546827384644,34.03212977613247,27.938742734265084,7.315000381158919,12.672780683454967,24.402516082978472,4.6999963317526765,1.95878678936845,1.1819660264923917,14.490875543734308,1.6696917758999428,7.830569208487799,1.6667060655609607
COc1cc(Nc2ncc3c(n2)-c2ccc(Cl)cc2C(c2c(F)cccc2OC)=NC3)ccc1C(=O)O,1,15.045488093048675,15.045488093048675,0.03699396200332794,-1.0951517921345657,11.786526128997744,9.901064578912528,4.39041504767482,29.369510503576965,38.992047402721944,5.563451491696996,26.352329219478285,42.595045982382736,6.06636706846161,10.30076712495354,31.05104905141549,25.678771528068808,6.346660352248918,25.24551656139012,12.876497509901084,3.85139634890738,-0.7425334796160823,14.459926378490753,1.6497288884689678,0.20423184422733476,2.8742485123571604
CC(=O)c1c(C)c2cnc(Nc3ccc(N4CCNCC4)cn3)nc2n(C2CCCC2)c1=O.Cl,0,13.329498469858109,13.329498469858109,0.0,-0.2476395877040367,0.0,9.589074368143644,0.0,35.35483732344188,22.976830771286245,62.93592260450271,6.923737199690624,17.687680419095056,18.3295777085363,25.501443980757557,4.9839785209472085,1.7220685015559585,0.0,41.617567934018915,7.260543005360265,2.2930540544568894,0.7993011334920039,4.010464080397758,7.523952218543564,7.106382405507977,0.0
CC1=NC(=CC=C1)C2=C(N=C(N2)CNC3=CC=CC=C3F)C4=CN5C(=NC=N5)C=C4,0,13.950188334213198,13.950188334213198,0.30417810257456734,-0.30417810257456734,0.0,4.39041504767482,0.0,5.817220841045895,18.056547178596063,33.986340691858565,12.393687143226153,22.714499099000456,43.45241611361175,25.367405975148994,4.9839785209472085,15.653297424280712,0.0,16.96106215870479,7.30469608247667,5.290596354228626,0.36734636832490364,16.24712007219285,3.39118513165213,2.2846964081393195,0.0
NS(=O)(=O)OC[C@H]1C[C@@H](Nc2ncncc2C(=O)c2ccn(Cc3cccc(Br)c3)n2)C[C@@H]1O,0,13.149020338060744,13.149020338060744,0.21908469871004255,-4.088303945996555,22.326037309933326,18.318861563241462,0.0,29.689347226571275,25.204262429599623,10.03617100752941,12.524163646377618,16.94501357521987,24.26546827384644,40.49645678480084,5.138973737607942,29.327238943041564,3.443300482312362,21.321143724184402,22.68795710316131,1.5234242962663507,-0.457373618350714,9.200869459820613,4.422476304972905,0.28593391725443307,-4.088303945996555
CC1=CC=C(C=C1)C(=O)N(CCCN)C(C2=C(C(=O)C3=C(O2)C=C(C=C3)Cl)CC4=CC=CC=C4)C(C)C.Cl,0,13.897701177323292,13.897701177323292,0.0,-0.4767157974300842,6.041840829147961,9.589074368143644,0.0,29.660909328593412,58.81018412979397,11.126902983393991,0.0,18.19910120538483,80.26842494607683,0.0,21.751758304448046,6.506778680608046,6.26887562516511,29.587974063758246,0.9529467551838242,9.382721009088403,0.3372540137454152,21.946505101700705,1.0160968897558003,6.945292305438895,0.0
O=C(Cc1ccc(-c2ccc(OCCN3CCOCC3)cc2)cn1)NCc1ccccc1,0,12.191300979016335,12.191300979016335,0.03455191762701926,-0.03455191762701926,0.0,4.794537184071822,0.0,12.328001352277514,13.151638370425493,60.9818274499869,0.0,0.0,72.9268813246908,15.200676855804016,9.473725907600098,11.240658200860913,0.0,19.01151178236269,2.9354908782746474,3.913403124844154,0.8281109762788853,21.827932597877,2.080489861306302,5.662402578195408,0.0
O=C(NC1CC1)c1cc(-c2cccs2)on1,0,11.647807067271353,11.647807067271353,0.1443924792139073,-0.1443924792139073,0.0,4.794537184071822,0.0,5.907179729351506,17.496016242870866,17.718790439553317,0.0,17.403152946396347,17.512796907389134,10.473451861131776,4.523094936973348,5.131725245653817,1.561856444738389,12.632040343915344,8.603391308683968,0.35675925925925944,0.5046324640967506,5.901314772822709,2.1416134941630975,0.0,0.0
Nc1ccc2ncnc(NCCc3ccc(Oc4ccccc4)cc3)c2c1,0,5.8866539087885,5.8866539087885,0.7031063528806587,0.7031063528806587,0.0,0.0,0.0,0.0,5.687386274683562,41.18538940532248,5.563451491696996,6.3273200747645415,60.6636706846161,27.417479782823968,10.470530430962235,5.822113060657086,0.0,8.615083418400639,4.31424825056492,8.69152034984332,2.4660548112940517,23.55347802893893,2.4404768255634055,0.7636919214043131,0.0
O=C(c1cc(Cc2n[nH]c(=O)c3ccccc23)ccc1F)N1CCN(C(=O)C2CC2)CC1,0,14.563571359162989,14.563571359162989,0.012221854791299114,-0.5745164346602836,5.817220841045895,18.774026599890284,0.0,28.854983891613408,43.679999455889565,23.79131895201381,6.06636706846161,34.0652877355474,12.13273413692322,10.197363616602075,0.0,14.563571359162989,0.0,40.67270116719028,7.934033779505461,1.121519460152442,-0.6189091243333349,11.648638288682855,2.2563274543537397,1.7554509486188916,0.0
CC1=C(C=C(C=C1F)C(=O)NC2CC2)C3=NC=C(C=C3)C(=O)NCC(C)(C)C,0,14.386476046849491,14.386476046849491,0.014735175241630705,-0.45162618072430516,5.817220841045895,13.979489415818463,0.0,28.834642248944746,28.929038875852022,12.841643245852019,12.263210640074686,25.122838405075452,20.771211599071872,15.617555728959871,0.0,14.386476046849491,0.0,28.866436185429073,5.741635845816041,2.1800785512705545,-0.9282302805784182,6.442138613663893,3.404846764628736,8.3232849395873,0.0
Cn1ncnc1C1c2n[nH]c(=O)c3cc(F)cc(c23)NC1c1ccc(F)cc1,0,14.147755889392794,14.147755889392794,0.2057634164777029,-0.5346162446460065,23.336234611407257,13.575367279421462,0.0,11.203445055510691,22.591942981996745,5.563451491696996,30.59278834861098,23.862209054745595,0.0,25.59681254985665,0.0,29.229487950955303,0.0,16.601523122640543,14.92279599185353,1.2998398920837597,-0.7163844437121851,8.14168064986427,1.4306673070462754,0.0,1.7570561959351643
CNC(=O)c1ccc(-c2cnc3ncc(Cc4ccc5ncccc5c4)n3n2)cc1F,0,14.388304225821292,14.388304225821292,0.01907310933784445,-0.6163197489624184,11.7244005703974,9.184952231746642,0.0,5.563451491696996,23.45585483339066,22.160304418626517,19.18040611960041,29.172295676916463,24.26546827384644,31.433773043610604,0.0,16.04836500939398,0.0,24.753880897159334,8.094601565096806,3.8763163318064504,-0.6332402697689312,14.408264612275175,5.6584429448162075,0.0,1.460035575887645
CC1(C)CCC(CN2CCN(c3ccc(C(=O)NS(=O)(=O)c4ccc(NCC5CCOCC5)c([N+](=O)[O-])c4)c(Oc4cnc5[nH]ccc5c4)c3)CC2)=C(c2ccc(Cl)cc2)C1,0,13.906068499863752,13.906068499863752,0.03586729183555981,-4.551966160527181,31.436651681778095,23.32665243716633,0.0,28.333246115222636,31.15520938899004,86.99050101554423,35.039238260371825,30.462311845459517,18.19910120538483,55.78686850835827,21.074665797832616,41.163265941171446,6.238459066896006,37.09911170299354,16.693683327269152,5.553397832658171,-0.1950024178408707,20.43011666507801,8.130102533447669,10.383275953298511,-4.551966160527181
Cc1ccc(-n2nc(C(C)(C)C)cc2NC(=O)Nc2ccc(OCCN3CCOCC3)c3ccccc23)cc1,0,13.24385986732241,13.24385986732241,0.16997731816187445,-0.33809285912998166,0.0,4.794537184071822,0.0,11.446104981734852,18.11213101703151,66.31475917020606,0.0,4.681802935145185,73.65377495276834,36.30469853793501,14.572407715901136,13.37032289878332,0.0,15.589436999789578,12.737129678067953,3.4767953935534694,1.4080869010982995,21.445704845766706,0.0,13.222523282940676,0.0
CS(=O)CCCCN=C=S,0,10.520736305324599,10.520736305324599,0.6591017888636936,-0.6591017888636936,10.799569042904308,4.208898492164469,0.0,0.0,0.0,25.139253258511385,0.0,6.255769183511404,0.0,22.37154002780791,0.0,10.520736305324599,4.376511925757957,3.734500818846057,2.288299319727891,0.0,0.7707823129251701,0.0,3.6342433285042413,0.7229166666666668,-0.6591017888636936
c1cc(CN2CCCNCCNCCCNCC2)ccc1CN1CCCNCCNCCCNCC1,0,3.625948321871625,3.625948321871625,1.039361513506535,1.039361513506535,0.0,0.0,0.0,0.0,0.0,117.80561530642638,36.81018947509803,0.0,0.0,65.96601935958539,0.0,0.0,0.0,5.228255174905816,21.421048746561404,2.85649699926784,0.0,9.42458133176748,4.795600825357859,19.607350255472937,0.0
COC(=O)c1ccc([C@H]2c3[nH]c4ccccc4c3C[C@H](C(=O)OC)N2C(=O)CCl)cc1,1,12.926052619752115,12.926052619752115,0.277975952535386,-0.8257039451583108,24.022292234199618,14.383611552215466,0.0,11.787183174321845,11.984273114623004,27.72375591032351,19.119504813405545,24.26546827384644,24.26546827384644,4.9839785209472085,21.074665797832616,9.789598979730652,5.927942785495995,42.35918071471778,0.9866263204087881,3.787935485535746,-1.6283285328721817,13.126299471009366,0.31090585018570227,0.0,2.617616703565928
FC(F)(F)c1ccc(CNc2ccc(Cc3c[nH]c4ncc(Cl)cc34)cn2)cn1,0,12.549552211523139,12.549552211523139,0.3235123392153516,-4.434987351867228,11.870226512291936,13.171245143024459,0.0,0.0,29.369525612111936,28.226671487088126,12.263210640074686,12.393687143226153,24.395944776997908,25.252702687795164,11.600939890232516,37.64865663456942,6.030360746731938,15.179881838981949,4.621042191358725,2.5752790102524394,0.6224867593642396,8.004422108221444,2.6888028157489314,0.3235123392153516,0.0
[2H]C([2H])([2H])C([2H])([2H])C(=C(c1ccc(O)cc1)c1ccc(OCCN(C)C)cc1)c1ccccc1,0,9.811481234443011,9.811481234443011,0.0556166126408737,-2.907167683641731,13.224817018625059,5.106527394840706,0.0,11.322616363353173,34.61985280295708,6.544756405912575,12.13273413692322,66.73003775307771,18.99525369620486,0.0,11.59065573465115,47.06889697419746,0.0,2.0169337353897236,9.811481234443011,2.1888181729686074,0.7255385220328963,22.206541774918676,-2.6503424955075374,-1.6281724735702015,3.926971221794038
O=C(/C=C/c1cccc(S(=O)(=O)Nc2ccccc2)c1)NO,0,12.293618669690098,12.293618669690098,0.0721386054421771,-3.7137809166876603,15.930470882759089,13.212334168400758,0.0,4.895483475517775,11.250837766380558,6.076020106833881,23.688850841878306,42.46456947923127,0.0,4.722094864452088,5.20725302477729,27.053888180272107,0.0,11.001763802766082,8.404079078106786,2.431069449733373,-0.698452999771993,14.61523584322303,2.48953089569161,0.0,-3.7137809166876603
C/C=C1\NC(=O)[C@H]2CSSCC/C=C/[C@H](CC(=O)N[C@H](C(C)C)C(=O)N2)OC(=O)[C@H](C(C)C)NC1=O,1,13.155177390400604,13.155177390400604,0.04451779940371181,-1.0028462511547833,53.827513080550055,23.97268592035911,0.0,29.706526635051418,12.1736752296728,0.0,27.663816059607328,40.694706105287,6.076020106833881,21.267154416025324,4.736862953800049,5.650603137860083,0.0,65.18165435599553,10.669197973559896,-0.04451779940371181,-2.542464493028617,-2.86413855820106,4.508708761843682,8.65950334227661,2.9481199457642453
CC(C)CC(NC(=O)C(CCc1ccccc1)NC(=O)CN1CCOCC1)C(=O)NC(Cc1ccccc1)C(=O)NC(CC(C)C)C(=O)C1(C)CO1,1,14.074192129149878,14.074192129149878,0.017092153577543012,-1.0287436414426099,47.489953315630046,23.97268592035911,0.0,36.49181479687782,58.59344519706793,11.126902983393991,0.0,6.923737199690624,93.25852921422909,21.267154416025324,9.473725907600098,10.808099633643115,0.0,70.45453495938908,11.652602545303887,0.914635123877356,-1.8329012694472355,15.319566111652636,1.7611739880040786,12.338955574243746,0.0
C=C1C[C@@H]2[C@H](CC[C@]3(C)C(=O)CC[C@@H]23)[C@@]2(C)C=CC(=O)C=C12,0,12.399415784832453,12.399415784832453,0.06857379062736202,-0.10394364921894672,0.0,9.589074368143644,0.0,16.6132258851585,23.53696308484912,43.250317174768576,0.0,12.152040213667762,0.0,26.502430189813627,0.0,0.0,0.0,24.19280462648022,0.0,2.0906543288611745,2.1401531530822213,0.0,10.495814804316787,8.747239753926262,0.0
CCC1C(=O)N(C2=CN=C(N=C2N1C(C)C)NC3=C(C=C(C=C3)C(=O)NC4CCC(CC4)N5CCN(CC5)CC6CC6)OC)C,0,13.274600548338267,13.274600548338267,0.04540796279452941,-0.27781382390970033,0.0,9.589074368143644,0.0,29.939881946146894,41.09873760740849,37.41905531570046,45.565425275414896,31.320589894879888,19.056471336613843,44.16475932089256,9.720841474747257,5.678924952940232,0.0,44.63838839449414,6.551224757556572,1.9102784127983445,2.586104880037942,6.051771378931059,9.513471374590072,12.204860651318548,3.364975197333087
CN1CCN(CCOc2cc(OC3CCOCC3)c3c(Nc4c(Cl)ccc5c4OCO5)ncnc3c2)CC1,0,6.545639528186496,6.545639528186496,0.029527318978157302,0.029527318978157302,0.0,0.0,0.0,12.896908693848129,64.86327631055055,50.951649489879685,6.3273200747645415,12.13273413692322,12.13273413692322,32.13223709027889,35.28525465923276,29.496072686951617,6.545639528186496,13.884899182047636,4.603362810657721,1.2997315676757766,3.123623492309422,7.429097704596112,3.178941674524263,7.222621998372266,2.1604537991231316
CC(C)n1cc(-c2ccc3c(c2)N(C)CC3)c2c(NS(=O)(=O)c3ccn(C)n3)ccnc21,0,13.02260970133896,13.02260970133896,0.019481449987401867,-3.839428907365414,10.023291153407584,8.417796984328938,0.0,11.067800807817202,5.687386274683562,35.1258824474651,21.999007769987355,25.507726194364952,0.0,69.5628557313985,0.0,32.34641978053921,0.0,6.854898146369557,4.819627609410257,5.76045324736722,0.0,9.819860827946371,6.35146555332928,5.181975540169429,-0.0513673717979819
CN(C)C/C=C/C(=O)Nc1cc2c(Nc3ccc(F)c(Cl)c3)ncnc2cc1O[C@H]1CCOC1,0,13.552448205745229,13.552448205745229,0.00435724810898197,-0.5094766232811871,5.817220841045895,9.184952231746642,0.0,17.033779430841136,53.60359242750552,6.4208216229260096,24.536074318521642,24.27512131221871,18.99525369620486,20.60153424990708,21.074665797832616,25.101191228374642,5.912266875526566,23.204317451026554,6.673180824588723,1.654351500895594,0.17043691158996088,7.8233158623723735,5.318233571185272,1.7458293286319773,3.8413208902527805
C[C@]12CC[C@@H]3c4ccc(O)cc4C[C@@H](CCCCCCCCCS(=O)CCCC(F)(F)C(F)(F)F)[C@H]3[C@@H]1CC[C@@H]2O,1,12.952335946914921,12.952335946914921,0.019499233983250264,-5.542129730703803,35.740039974294376,36.37402852021998,0.0,17.27181046389187,41.59481124760228,77.04985947511214,11.126902983393991,0.0,12.13273413692322,12.990104268152233,0.0,74.51272203673797,0.0,0.0,20.97700947791931,2.7255327562614275,-1.914025678071536,5.916987984589773,5.97315119734432,2.3025003778249378,-1.3549892637173133
C1=CC=C(C=C1)CN2C=C(C3=C2C=CC(=C3)C4=CC=C(C=C4)OC(F)(F)F)C(=O)C(=O)O,0,12.378798862588482,12.378798862588482,0.043801873698158245,-4.783543378956841,18.114909093347173,27.86684690600881,0.0,11.3129633249809,28.574584321387622,5.563451491696996,30.462311845459514,22.766200853176183,30.33183534230805,4.736862953800049,0.0,42.81929234117152,0.0,23.666466179862365,9.684827430166917,2.8921336336802823,-2.9501949737643898,19.97138259279452,-3.271470546252695,0.43756334234148064,0.0
COC1=C(C=C(C=C1)N(C(C2=CC=CS2)C(=O)NCCC3=CC=CC=C3)C(=O)CCl)Cl,1,13.275944507432602,13.275944507432602,0.2749813100426377,-0.8689954438565557,11.949020558499466,9.589074368143644,0.0,11.787183174321845,29.425109450547378,10.440598685398296,23.34649315006275,18.19910120538483,47.844632249697185,5.316788604006331,27.938742734265084,5.203166625550295,13.596961479212467,28.250325377868215,5.158974450220959,1.5825554714001342,-0.49074686850352034,17.61963691070492,0.6821002508449899,0.4414643801820628,1.5111174780750343
O=C(O[Na])C(Cl)Cl,0,10.060185185185185,10.060185185185185,0.35225308641975306,-1.016203703703704,10.805574978201903,4.794537184071822,0.0,0.0,28.40776471428881,0.0,0.0,0.0,0.0,2.424310985429426,23.20187978046503,4.247685185185185,10.435185185185183,9.043981481481481,0.0,0.0,-0.5601851851851845,0.0,0.0,0.0,0.0
O=C(CCCCCCC(=O)Nc1ccccc1)NO,1,11.591414631828142,11.591414631828142,0.013241895523641967,-0.3594253181225928,0.0,9.589074368143644,0.0,11.814359458703011,12.841643245852019,31.3706727663876,0.0,5.480096598121202,30.33183534230805,5.316788604006331,5.20725302477729,0.0,0.0,22.322116254554164,11.122017013037414,2.4104883776367503,-0.34618342259895085,9.359749944038676,4.131811833331945,0.0,0.0
C=CCn1c(=O)c2cnc(Nc3ccc(N4CCN(C)CC4)cc3)nc2n1-c1cccc(C(C)(C)O)n1,1,13.181203874242085,13.181203874242085,0.24218418332006064,-1.1383826488870756,5.601050810983688,9.901064578912528,0.0,12.104023300964583,28.49353148890251,31.866411898333865,16.566032781441823,42.80439864674514,12.13273413692322,50.84390691080061,4.9839785209472085,3.1620780280490015,0.0,31.601287188464937,14.099735554206662,1.5481596844073975,0.8312475482964201,13.51975479705862,3.1732618383033246,11.502504045779315,2.1453046487676537
C=Cc1c(C)c2cc3nc(cc4[nH]c(cc5nc(cc1[nH]2)C(C)=C5CCC(=O)O)c(CCC(=O)OC)c4C)[C@@]1(C)C3=CC=C(C(=O)OC)[C@H]1C(=O)OC,0,13.688052447498158,13.688052447498158,0.08367249554904799,-1.1683148474724603,29.24081237941372,24.28467613112799,0.0,30.804874686799145,45.803039567621646,44.43341646215904,21.3293926238326,18.228060320501644,51.960417072608934,16.546892725492913,24.178545903294562,15.376221779185709,0.0,68.13120438068316,9.608642638644572,9.92400193195091,-3.6635195095029083,7.591092270732648,5.785944378871373,11.773938124245614,3.8891406718555945
Cc1ccc(F)c(NC(=O)Nc2ccc(-c3cccc4[nH]nc(N)c34)cc2)c1,0,13.782611006348521,13.782611006348521,0.13539899614574957,-0.5153420781893006,11.848335353383966,9.184952231746642,0.0,5.687386274683562,11.50524905251859,27.593279407172048,6.06636706846161,24.26546827384644,37.255572541998674,20.830940824614736,5.733667477162185,13.782611006348521,0.0,12.16723119326294,13.021722855553435,10.286843039905083,-0.04698720167657422,17.127301917978635,0.0,1.8279438552946297,0.0
CC(C)Cc1ccc([C@@H](C)C(=O)NS(C)(=O)=O)cc1,0,11.731522292559,11.731522292559,0.4834953703703706,-3.4999796044387046,21.848376928920484,13.212334168400758,0.0,0.0,5.917906046161393,18.24004229813441,5.563451491696996,6.923737199690624,28.987563138298526,13.847474399381248,0.0,24.03925321855607,0.0,11.731522292559,0.0,2.030673461514236,-0.40394348947108694,7.7297581254724115,1.9658252387910575,5.9902240903503525,-3.4999796044387046
O=C(O)CNC(=O)C1C(=O)N(C2CCCCC2)C(=O)N(C2CCCCC2)C1=O,0,13.163478022381792,13.163478022381792,0.31693119068615094,-1.6936082766439922,42.184621440418404,23.97268592035911,0.0,12.083681658295921,25.683286491704038,48.32474919925701,0.0,0.0,0.0,5.316788604006331,5.106527394840706,0.0,0.0,64.67630474959344,10.916435227697855,0.0,-5.560624598732463,-1.2485988809103894,8.23364927143697,-0.6838324357520786,0.0
NC(=O)c1ccc(I)c([N+](=O)[O-])c1,0,10.684221466364324,10.684221466364324,0.1000925925925924,-0.6671296296296287,10.830490778169176,14.908855452837393,0.0,11.250837766380558,3.5701822710653963,0.0,18.19910120538483,0.0,22.590870627068057,0.0,5.733667477162185,0.4792592592592595,1.8219037792894937,20.58203484504913,10.445220786092214,5.014266515495088,-0.6671296296296287,4.111111111111111,0.0,0.0,0.0
CNC(=O)c1ccccc1Oc1nc(Nc2cc(OC)c(OC)c(OC)c2)ncc1Br,0,12.108705454207506,12.108705454207506,0.23730993323255234,-0.2670833850469836,0.0,4.794537184071822,0.0,17.73550734677337,38.721604615348596,0.0,21.3293926238326,49.64271796505993,0.0,36.531478147856426,18.947451815200196,22.49763340163329,3.3816835002736427,20.777366325963612,5.6760591209016225,1.0029462150994093,2.0414013465126266,10.335251887840359,1.546785478080121,0.0,6.157539390361984
CC[C@@H]1C(=O)N(C)c2cnc(Nc3ccc(C(=O)NC4CCN(C)CC4)cc3OC)nc2N1C1CCCC1,0,13.134548027166531,13.134548027166531,0.08980640446650345,-0.22662444095240186,0.0,9.589074368143644,0.0,23.898041116998932,28.990529709798917,56.6988699789738,12.841643245852019,37.3869569633415,6.06636706846161,39.38878437302864,9.720841474747257,5.62502339845233,0.0,41.64958544332834,6.436681303705113,1.948195065582592,1.7391548513942117,5.620406711040493,8.80446158769195,4.0248514282844035,5.484973543853895
CNC(=O)c1ccc(Nc2ncc(C(F)(F)F)c(NCc3nccnc3N(C)S(C)(=O)=O)n2)cc1,0,13.55642737363246,13.55642737363246,0.04197293552407144,-4.759155082165285,27.58090394038308,26.38357931142522,0.0,29.912066188934066,17.447681337993636,10.560985174807637,38.62176524550375,12.13273413692322,0.0,35.886279895807824,0.0,65.29218192254467,0.0,27.32846487539485,7.810653340621335,-0.20063501913830328,-1.0187101012654773,6.146537977970331,-0.6187753921573151,-0.3021895113880211,-0.9375280925820744
COc1ccc(/C=C/C(=O)c2c(O)cc(OC)cc2OC)cc1,0,12.348974710254472,12.348974710254472,0.09542747963382925,-0.3631285955740313,0.0,9.901064578912528,0.0,22.845720104629745,5.749511833283905,11.3129633249809,26.36198225785056,31.38491885349624,12.13273413692322,0.0,14.210588861400147,15.282504869435785,0.0,12.348974710254472,10.039065666976924,0.9344259154279002,0.8542699621752876,10.178343379771048,3.038437027588813,0.0,4.490645135036438
CCC[C@H](Nc1nc(-c2ccc(NC(=O)NCC)c(OC)c2)ncc1C)c1cccnc1,0,11.875345413189706,11.875345413189706,0.1049445803776885,-0.2833427026665729,0.0,4.794537184071822,0.0,12.072955341486033,23.80605901187997,35.349860498778035,0.0,19.37300818135222,44.440262747992236,38.908427122065646,9.720841474747257,5.474193340080717,0.0,25.430258206271294,9.05708971855387,3.4477899060605246,1.884117192331479,9.310375008215491,7.456274970492496,6.542835325296586,1.5637329993642084
O=C(NOCC1CC1)c1ccc(F)c(F)c1Nc1ccc(I)cc1Cl,0,14.276656614806415,14.276656614806415,0.07933925422020649,-1.1625374254640122,17.541621411443295,13.575367279421462,0.0,11.250837766380558,23.2348075990992,22.478192585379023,6.06636706846161,18.19910120538483,0.0,33.38775582919559,16.43852847396915,28.80889678099914,8.201057136478838,17.37874327472427,3.02874793423134,2.250269473838919,-2.4433573261749926,7.132303926912567,2.1372187552296333,0.4038978215380633,0.0
Nc1ccn([C@@H]2O[C@H](CO)[C@@H](O)C2(F)F)c(=O)n1,0,13.700872071050643,13.700872071050643,0.1140556237927266,-3.7132752267573705,36.654988477042444,18.681894674262168,0.0,5.817862777835028,4.567099647791355,12.263210640074686,0.0,0.0,0.0,4.9839785209472085,15.57705782580294,32.70181783824641,0.0,14.718198223733939,18.10387760351054,4.209688995968757,-3.827330850550097,1.1522751322751323,-4.687900132275133,-0.7872934775762155,0.0
C#Cc1cccc(Nc2ncnc3cc(OCCOC)c(OCCOC)cc23)c1,0,5.857396779890918,5.857396779890918,0.392174356427603,0.392174356427603,0.0,0.0,0.0,0.0,43.74441430245451,22.153762698461616,6.3273200747645415,14.219595082555067,36.39820241076966,21.20517996475639,25.370801710820455,21.801771191071715,0.0,8.754103465077492,4.096557301741735,2.3431613389549906,4.443107152704465,11.258046272519541,6.994191360636236,1.7256948446942135,3.2500337392662777
CCC1=C[C@@H]2C[N@](C1)Cc1c([nH]c3ccccc13)[C@@](C(=O)OC)(c1cc3c(cc1OC)N(C)[C@H]1[C@@](O)(C(=O)OC)[C@H](OC(C)=O)[C@]4(CC)C=CCN5CC[C@]31[C@@H]54)C2.O=C(O)[C@H](O)[C@@H](O)C(=O)O.O=C(O)[C@H](O)[C@@H](O)C(=O)O,0,15.171731877595493,15.171731877595493,0.02841434066025439,-2.2744897120699434,94.2235267147746,33.87375049927164,4.794537184071822,17.929052163261204,50.20969741149666,52.92147661975823,26.716436812314956,7.109797541277533,37.070420118603124,58.13469670822526,59.79967097392583,23.885237508424268,0.0,92.2070125633307,79.40323866574673,1.0481408140075348,-8.385300059182908,11.15248664118315,-1.392904008608097,9.19119204355776,6.224229164874214
c1ccc(NCc2ccc(CNc3ccccn3)cc2)nc1,0,4.246318266916418,4.246318266916418,0.7688122287865252,0.7688122287865252,0.0,0.0,0.0,0.0,0.0,24.72523836749521,11.126902983393991,12.393687143226153,36.39820241076966,44.86700252375352,0.0,0.0,0.0,8.492636533832837,6.603013976430282,2.457850319140002,1.7840651450300835,20.218622342099838,3.5728538925605746,1.5376244575730504,0.0
C/C(=C\c1csc(C)n1)[C@@H]1C[C@@H]2O[C@]2(C)CCC[C@H](C)[C@H](O)[C@@H](C)C(=O)C(C)(C)[C@@H](O)CC(=O)N1,0,13.233344159523778,13.233344159523778,0.01696416761148889,-1.1653439698946102,23.540829291054777,19.802129157825057,0.0,41.77601037268379,6.4208216229260096,35.537121090548524,0.0,32.107997477006606,32.22729447637167,17.224504324644162,4.736862953800049,6.096276428781389,1.5784232002637206,30.78254540364897,27.78961371247202,0.4102576532430888,-1.2370951567650523,-0.2685924246241709,2.9917878560545614,13.023449993592145,0.0
CO/C1=C\C(C)=C\[C@@H](C)[C@@H](O)[C@@H](C)C/C(C)=C/C=C/[C@H](OC)[C@@H]([C@@H](C)[C@@H](O)[C@H](C)[C@@]2(O)C[C@@H](O)[C@H](C)[C@@H](C(C)C)O2)OC1=O,0,13.491659375852421,13.491659375852421,0.00492433460219166,-1.7990388746470156,60.21602685933504,25.220646763434644,0.0,35.85161067922776,6.4208216229260096,11.146209060138535,14.219595082555067,25.999514613049012,66.694220718336,0.0,18.947451815200196,23.386552981287167,0.0,13.491659375852421,45.02905908288382,1.783462582872444,-4.490873030867455,0.0,4.851958621318974,16.99095766729566,2.8738893860236234
C1C2CC3CC1CC(C2)(C3)OCCN4CC5=CC6=C(C=C5OC4)OCO6,0,6.565059103888469,6.565059103888469,0.20367350430887599,0.20367350430887599,0.0,0.0,0.0,5.601050810983688,13.523759053599312,54.69864841467396,44.08838122925306,0.0,6.06636706846161,10.966276799312087,18.947451815200196,23.442585867587397,0.0,2.324447515117158,0.0,1.3798813809780623,5.371437119686804,4.0185579658286645,8.325223035842626,3.55453378162596,0.0
CCN(CC)C(=S)SSC(=S)N(CC)CC,1,5.341120559334845,5.341120559334845,0.9208390022675739,0.9208390022675739,0.0,0.0,0.0,0.0,0.0,34.82009379476824,0.0,21.587795952773448,0.0,37.49476826046345,24.43574688609339,1.841678004535148,10.68224111866969,4.329057067271353,0.0,0.0,0.0,0.0,0.0,12.296283068783069,3.184074074074074
CC(C)CC(NC(=O)C(Cc1ccccc1)NC(=O)c1cnccn1)B(O)O,1,12.826666981607458,12.826666981607458,0.09193056080456885,-1.6949844256139357,30.91578521994113,19.63711951827565,0.0,18.032655663935863,6.4208216229260096,5.563451491696996,18.59053071483923,0.0,44.179309741689295,20.60153424990708,0.0,0.0,0.0,33.07797794477448,24.450794335551283,0.9456827653901069,-1.7203417003471129,8.326027304542365,4.78381958130921,3.8310241943936028,-1.6949844256139357
C[C@@H](O[C@H]1OCCN(Cc2nc(=O)[nH][nH]2)[C@H]1c1ccc(F)cc1)c1cc(C(F)(F)F)cc(C(F)(F)F)c1,0,13.583774380381524,13.583774380381524,0.04269295448321264,-5.00893862714556,53.42229820376179,35.52744251779556,0.0,30.605861428584024,24.24094203453279,0.0,31.18920547353706,4.899909730850478,0.0,15.181342137549283,9.473725907600098,105.18903895610438,0.0,16.984250794470192,4.9168564288956045,-3.3660502402953023,-0.23921409791799753,5.793900710989037,-12.429688819966772,1.8175729343875096,0.0
C#Cc1cccc(Nc2ncnc3cc(OC)c(OCCCCCCC(=O)NO)cc23)c1,0,11.014514915287684,11.014514915287684,0.31535899746691887,-0.36129663107048837,0.0,4.794537184071822,0.0,5.907179729351506,30.344590031841765,47.83704919016565,6.3273200747645415,12.589894139398735,36.39820241076966,21.20517996475639,21.104328827997648,11.452648333334174,0.0,19.74839616437123,12.592241683785721,3.9652068615064464,4.100576135415884,11.227326571951231,10.649089743718495,0.508661113167336,1.589186726082816
Cc1ncc([N+](=O)[O-])n1CCOC(=O)NC(Nc1ncccn1)C(Cl)(Cl)Cl,0,11.973722442680776,11.973722442680776,0.030978312812727893,-1.9325951903118654,20.974862667420382,14.908855452837393,0.0,24.91784042924702,5.824404497999927,6.196843571613076,16.960786791017508,12.990104268152233,0.0,25.585512770854287,39.5396826244976,4.359203633384281,17.52007640936438,33.9807838456786,15.905237799719602,0.0,0.32419312226168695,1.5917652761854395,1.946479429564989,1.4555938171743539,0.0
Cc1sc2c(c1C)C(c1ccc(Cl)cc1)=N[C@@H](CC(=O)OC(C)(C)C)c1nnc(C)n1-2,0,12.71203803890447,12.71203803890447,0.082801380840402,-0.5690248649008123,11.642891640131648,4.794537184071822,0.0,12.390126910877859,10.847037811741252,33.227525952549485,4.877147193701299,11.336785877934737,56.527516720400286,24.044838015983323,21.330207576668233,7.609954096584388,7.8163929720422285,18.988647739751787,10.393922412080332,3.3989460765621935,1.093642443345652,7.11377236079617,0.082801380840402,11.696364962441294,0.0
O=C(N/N=C/c1ccc(O)c(O)c1)c1cc2ccccc2cc1O,0,12.146213676828754,12.146213676828754,0.11055865247333507,-0.5578672734525909,5.907179729351506,20.11411936859394,0.0,22.81198699154871,5.563451491696996,10.772448428929591,30.480068853381756,6.06636706846161,24.26546827384644,10.527198922850108,0.0,0.0,0.0,12.146213676828754,34.04789635381346,2.917802834224191,-1.2121269024349965,14.618909710282121,1.3146376606198036,0.0,0.0
CNC1=CC=CC(=N1)CCOC2=CC3=C(CC(C(=O)N(C3)CC(F)(F)F)CC(=O)O)C=C2,0,13.027547608820399,13.027547608820399,0.06531127769916756,-4.586378546524546,36.93626760974681,22.760319511168102,0.0,12.965578028838586,34.8040281349673,11.51179077268349,0.0,25.24677318806202,18.19910120538483,10.30076712495354,9.843390348640755,44.8471892461093,0.0,28.82597732410654,12.041976743824035,1.98460938438291,-1.8847926559210915,10.553150992090906,-4.511605057421047,-1.3764815916352917,1.7699756144637395
CCNC(=O)CC1C2=NN=C(N2C3=C(C=C(C=C3)OC)C(=N1)C4=CC=C(C=C4)Cl)C,0,12.42603396406517,12.42603396406517,0.08569827622406945,-0.48442318594104306,6.041840829147961,4.794537184071822,0.0,12.328001352277514,23.141306050937732,28.35037875884818,0.0,7.109797541277533,60.879143526403865,15.514152220608405,21.330207576668236,7.430086820485599,6.104154118459442,17.428989368449145,12.119089376248919,3.407921312043337,1.9873324614042815,12.823357461297277,0.17478826355645127,4.338889856804199,1.6298354056957953
CC(C)NCC(O)COc1ccc(CCOCC2CC2)cc1.Cl,0,9.803083242722979,9.803083242722979,0.0,-0.4880550387206579,6.103966387748303,5.106527394840706,0.0,12.407033161179976,19.193479199573453,31.302003431397146,18.405094737549014,0.0,12.13273413692322,31.296997140310797,9.473725907600098,11.2447796423554,0.0,0.0,12.990788475357519,1.254786901126638,1.6237358997308422,8.413785550193154,3.1261158509663396,6.679341013603444,0.0
Cc1cc(Nc2cc(Cl)nc(Oc3ccc([N+](=O)[O-])cc3)n2)n[nH]1,0,10.641006020902791,10.641006020902791,0.005658068783069403,-0.4925037541494701,4.923311048817671,10.114318268765572,0.0,16.85096093116319,17.38523738895396,5.693927994848461,30.33183534230805,6.06636706846161,6.923737199690624,25.482109262502824,16.337802844032566,5.48000779478458,5.965808295178935,18.286290516312405,20.6205185792622,0.8524319723454739,1.3253655599317586,8.878042208382077,0.0,1.8693128515803525,0.0
Cc1nc(Nc2ncc(C(=O)Nc3c(C)cccc3Cl)s2)cc(N2CCN(CCO)CC2)n1,0,12.693081800261481,12.693081800261481,0.17311797422773734,-0.2666136091002893,0.0,4.794537184071822,0.0,12.514061693864424,38.90574894371304,37.560339893182324,17.533629449547814,6.06636706846161,32.046575604766076,35.38533223255524,16.70746728507322,0.0,7.457830513857925,30.975300560948945,16.24512659009515,1.4880803972808272,1.851363352595038,7.367072949316626,1.5315981931343652,8.028071887215573,0.0
CC(C)NCC(O)COc1cccc2ccccc12.Cl,0,9.843953766691861,9.843953766691861,0.0,-0.4987329931972795,6.103966387748303,5.106527394840706,0.0,12.407033161179976,19.193479199573453,16.521960262213497,0.0,0.0,30.33183534230805,31.296997140310797,4.736862953800049,5.723354119425549,0.0,0.0,15.258388238011253,0.0,0.8210156840513985,14.411528118963636,-0.4987329931972795,4.951113499412111,0.0
CNC(=O)C1=CC=CC=C1NC2=CC(=NC=C2C(F)(F)F)NC3=C(C=C(C=C3)N4CCOCC4)OC,1,13.7616801447844,13.7616801447844,0.1669876700680275,-4.659407186815248,17.646929738491977,17.96578232709628,0.0,22.75608681889915,24.650662036993303,24.97374265812179,32.35657072933955,18.19910120538483,12.13273413692322,25.83425406381668,9.473725907600098,52.19700104787371,0.0,18.340480840606006,8.287277726357159,0.7167862048396101,0.2543198926409038,13.11375293441954,-3.9076721552222615,2.776903324873519,2.9711501836118144
COc1cc2c(cc1-c1c(C)noc1C)ncc1[nH]c(=O)n([C@H](C)c3ccccn3)c12,0,12.894515639066054,12.894515639066054,0.21183342781557046,-0.262699934912237,0.0,4.794537184071822,0.0,11.731584227351433,17.026459969774606,38.93438462278823,0.0,24.07058433229504,51.10304694137992,20.10859881996707,9.259957890773396,12.79079171184812,0.0,24.841373509280253,4.874927078872994,5.25673131342861,1.3615216073264973,9.2884765975477,3.4113043618995653,5.719392931453267,1.622147555009658
CC(C)C[C@@H](NC(=O)[C@@H](Cc1ccccc1)NC(=O)[C@H](N)Cc1ccccc1)C(=O)N[C@H](CCCCN)C(=O)N1CCC(N)(C(=O)O)CC1.O=C(O)C(F)(F)F,1,13.85867826501932,13.85867826501932,0.00028594143073479295,-5.083333333333334,65.54273685037687,42.25045845822428,0.0,57.01870670196809,25.807221274690605,11.126902983393991,4.899909730850478,0.0,74.51114508399735,15.950365812018994,27.102067010399082,31.736111111111114,0.0,76.6070723857298,25.126068223719464,18.227042544227317,-5.794928258355213,14.704430054276498,-2.6394187965569014,4.5336227358479215,0.0
Cc1ccc(C(=O)N(CCCN)[C@@H](c2nc3cc(Cl)ccc3c(=O)n2Cc2ccccc2)C(C)C)cc1,0,13.902330806952921,13.902330806952921,0.029879272696733183,-0.4581972789115656,6.041840829147961,9.589074368143644,0.0,17.38435267056491,53.368505076183034,11.126902983393991,0.0,22.766200853176187,80.26842494607685,0.0,22.318585888341907,1.7024854077433442,6.282072904076676,34.573115052252405,0.9934560144430833,8.876894788167938,0.39600401374541594,22.01474607864704,0.6281231908256621,7.310880327876213,0.0
Nc1ccccc1NC(=O)c1ccc(CNc2nccc(-c3cccnc3)n2)cc1,0,12.421764583034111,12.421764583034111,0.20841271423494723,-0.20841271423494723,0.0,4.794537184071822,0.0,5.907179729351506,29.431319727963192,16.82083097824245,0.0,42.85599898868567,42.46456947923127,25.585512770854287,5.733667477162185,0.0,0.0,25.32218013143365,6.0282953097785485,10.280143065057567,0.31725900324274203,20.157352571059285,5.196331945281813,0.5317713074797309,0.0
CC(C)[C@H]1C(=O)N[C@@H](CCCNC(=N)N)C(=O)NCC(=O)N[C@@H](CC(=O)O)C(=O)N[C@H](Cc2ccccc2)C(=O)N1C.O=C(O)C(F)(F)F,0,13.815203460826275,13.815203460826275,0.02950469441922432,-5.083333333333334,90.70165513169651,47.0449956422961,0.0,25.34595422050843,11.984273114623004,0.0,11.947581713527669,44.179309741689295,0.0,26.583943020031654,21.044015661866233,31.736111111111114,0.0,87.81164572368992,36.32550111141013,5.993796543821102,-8.47744111343215,3.903212304559086,-5.389327253727021,3.0992982654465626,1.413869973787903
CC(C)CCn1c(CN2CCN(C(=O)C3CC3)CC2)nc2c1c(=O)n(C)c(=O)n2C,0,12.891058214126188,12.891058214126188,0.2585954754818529,-0.36133123733093186,0.0,14.383611552215466,0.0,17.166916339416872,36.07847652572204,55.8329946382196,11.614771630468544,7.04767198267719,9.467009378641833,18.747384130231726,4.9839785209472085,4.610228870545984,0.0,46.5614382513004,0.0,0.28927610602983966,1.8622095294697003,0.0,2.9933775811296552,8.673945099763552,3.176191228427534
CN1CCc2cc(Nc3ncc(C4CC4)c(NCCCNC(=O)C4CCC4)n3)ccc2C1,0,11.971323929091312,11.971323929091312,0.22234839360339054,0.22234839360339054,0.0,4.794537184071822,0.0,11.8250857755129,18.411001733060463,56.82280476196036,35.95281934386902,0.0,6.196843571613076,51.0810272518787,4.9839785209472085,0.0,0.0,23.727569276915986,9.964964498095316,5.060847437227672,2.60475608675484,6.564863925843737,9.640614169607616,3.6018627886080914,2.1678551502800754
Cc1ccc(=O)n(-c2ccccc2)c1,0,11.534818594104308,11.534818594104308,0.0016666666666669272,0.0016666666666669272,0.0,4.794537184071822,0.0,5.559266895052007,0.0,11.250837766380558,0.0,10.633466716252965,49.51878318207336,0.0,0.0,1.6481481481481481,0.0,11.534818594104308,0.0,1.982826908541195,0.0,13.018187830687829,1.8449074074074074,1.971111111111111,0.0
Cl.N[C@H](Cc1c[nH]c2ccccc12)C(=O)N/N=C/c1ccc2nccnc2c1,0,12.225519582463123,12.225519582463123,0.0,-0.6909015856878418,6.041840829147961,4.794537184071822,0.0,18.314212890531483,6.4208216229260096,33.06322935070757,0.0,18.608287722761467,48.661413050844345,25.47913448569173,5.733667477162185,0.0,0.0,23.869925745686146,5.071340713370663,12.950283159103371,-0.33600744310069675,12.792942557424205,7.151515267516316,0.0,0.0
O=c1c(-c2ccc(O)cc2)coc2cc(O[C@@H]3O[C@H](CO)[C@@H](O)[C@H](O)[C@H]3O)ccc12,0,12.811491797310701,12.811491797310701,0.08232491724517099,-1.562818797244893,37.312774244841336,30.327174158275348,0.0,22.510834200110594,16.513127197858786,0.0,36.5949983379471,12.13273413692322,0.0,0.0,13.890876844653445,16.432227033971227,0.0,12.811491797310701,48.744557506759676,0.8621721791883243,0.2696980811316829,10.533057283554875,-5.747885984473775,-0.5719845641093753,0.0
CC1=CC(=CN=C1C2=CC(=NC=C2)C)CC(=O)NC3=NC=C(C=C3)C4=NC=CN=C4,0,12.438146419878022,12.438146419878022,0.1495756172839504,-0.1495756172839504,0.0,4.794537184071822,0.0,12.328001352277514,5.817862777835028,39.33558995133336,0.0,43.24742849814007,38.112942673227685,30.23668120874237,0.0,0.0,0.0,33.79646736763333,2.8201854213907787,6.272341000215149,0.3376487756871962,9.523345896477661,10.30793103118258,3.942080507413304,0.0
CC(=NNc1c(Cl)cc(Cl)cc1Cl)c1cc(Cl)ccc1O,0,9.811317973997747,9.811317973997747,0.0793981481481485,0.0793981481481485,0.0,5.106527394840706,0.0,5.749511833283905,37.053056024116565,0.0,6.06636706846161,31.18920547353706,0.0,10.527198922850108,46.40375956093006,0.0,23.84057703544295,0.0,15.59247892803178,4.233953539234625,0.0793981481481485,7.813006891708491,0.0,1.7183632352117801,0.0
CC1=C(C(=O)Nc2cc3cn[nH]c3cc2F)C(c2ccc(C(F)(F)F)cc2)CC(=O)N1,0,14.40528146510109,14.40528146510109,0.08123208741715193,-4.502295139726718,29.38205662569926,27.15073455884292,0.0,29.285531470086177,16.46637642377805,12.13273413692322,37.38604904515014,0.0,0.0,20.830940824614736,0.0,53.04177948227937,0.0,25.08415288713945,12.070357865016783,0.3120629026353001,-2.499891208128491,6.888497794845129,-3.159544337880082,1.5125846140925505,0.0
CCOc1cc2ncc(C#N)c(Nc3ccc(OCc4ccccn4)c(Cl)c3)c2cc1NC(=O)/C=C/CN(C)C,0,12.612779341218683,12.612779341218683,0.2796656326088989,-0.2970995141520951,0.0,10.056428738810308,0.0,12.514061693864424,63.20183059856336,5.693927994848461,12.272863678446956,42.60469902075501,44.118092101280304,26.67075556269935,21.074665797832616,11.605104963930874,6.516716135448838,23.256969327959652,17.045027003724144,3.325840110473999,0.68587116466966,16.55624304460391,6.4433037103452016,3.1699974407761733,3.8393715425119983
C=C(C)[C@@H]1CC[C@]2(C(=O)O)CC[C@]3(C)[C@H](CC[C@@H]4[C@@]5(C)CC[C@H](O)C(C)(C)[C@@H]5CC[C@]43C)[C@@H]12,0,12.755135988823863,12.755135988823863,0.020228444428480152,-0.5377183009274,11.384295757348628,15.007591973753234,0.0,33.681834311496814,23.671624184645573,38.524929737556064,31.256391021773304,0.0,0.0,48.12135888174224,0.0,0.0,0.0,12.755135988823863,21.383221283366435,1.3549048762768563,1.7937493481029294,0.0,10.451061935015305,18.845259901747944,0.0
Cc1c(F)cccc1NC(=O)Nc1ccc(Cl)c(S(=O)(=O)[C@H]2CCCNC2)c1O,0,13.627780421672014,13.627780421672014,0.1219446806500375,-3.9186322669117124,37.580521828585326,22.709276610916284,0.0,28.505613760718024,12.841643245852019,6.544756405912575,37.255572541998674,0.0,0.0,15.950365812018994,11.600939890232516,39.599001043248876,6.080179475618087,11.887343770280278,17.590084916028243,0.37168650466737363,-1.1103714397762712,6.062820663918629,1.136610358932065,2.4957214184388743,-3.9186322669117124
Cc1nc(Nc2n[nH]c3c2CN(C(=O)N[C@H](CN(C)C)c2ccccc2)C3(C)C)c2sccc2n1,0,13.56967082093525,13.56967082093525,0.11131403796086348,-0.5500569649155966,5.538925252383345,4.794537184071822,0.0,12.072955341486033,24.731780087660105,32.85531439016284,0.0,11.336785877934737,81.5447304765123,35.69880759735963,0.0,0.9801802509485107,1.5884996598587346,26.60678408554187,16.364194759184247,3.326580281163718,2.1078420252095365,11.828736825703972,0.0,7.094549502742595,4.019299276313477
Nc1ccccc1NC(=O)c1ccc(CNC(=O)OCc2cccnc2)cc1,0,12.302097457230623,12.302097457230623,0.15416607704659913,-0.5229393936334208,6.093240070938415,9.589074368143644,0.0,12.514061693864424,23.482980446976697,11.126902983393991,0.0,66.99099075938064,6.06636706846161,15.617555728959871,10.470530430962235,5.123342284510248,0.0,28.030792488913946,5.436234933286354,9.041911164155314,-0.25621344885386366,17.574244590614267,2.7711117139585193,0.4452429400818858,0.0
C1=CC(=C(C=C1I)F)NC2=C(C=CC(=C2F)F)C(=O)NOCC(CO)O,0,14.168820461061173,14.168820461061173,0.15223417108451365,-1.369451005710926,48.36395884394688,17.96578232709628,0.0,11.250837766380558,3.5701822710653963,12.13273413692322,12.13273413692322,6.06636706846161,28.070967225189257,10.154377187742964,10.213054789681411,42.29665510134873,1.8851901147041397,16.812506677204603,20.160683488320167,0.8524361677917776,-4.269184273852383,5.771409171981535,-1.2233919182563946,-0.9996378625755149,0.0
CC(C)CCN1c2nc(Nc3cc(F)c(O)c(F)c3)ncc2N(C)C(=O)C1C,0,13.576497121115072,13.576497121115072,0.052553670942920405,-1.0852109404878167,17.383953515375694,18.681894674262168,0.0,23.584746114169523,23.967911504592557,18.55355575984923,11.096753302463554,7.04767198267719,11.823646930541102,29.132220045281993,0.0,27.152994242230143,0.0,24.606297156433442,11.969248032028446,0.6344839432686662,-2.099153958421739,1.522270721802648,2.380824516943294,6.667717967386355,1.665317378328742
CC(=O)N1CCCC1C(=O)NC(CC2=CN=CN2)C(=O)NC(CO)C(=O)NC(CS)C(=O)NC(CC(=O)N)C(=O)N,0,13.20003169175669,13.20003169175669,0.055384768205107404,-1.5586965125556402,78.67998610928777,38.66828768334346,0.0,18.080854959024304,25.080327646613057,0.0,24.347810576918718,0.0,0.0,43.863900605932734,11.46733495432437,0.0,4.006926057822152,94.3042212401909,19.2471129802624,10.70624167720923,-5.778288232500848,-6.342521853664509,3.2127439772983672,0.8657863756045414,0.0
Cc1ccc(Sc2cncc3sc(C(N)=O)cc23)cc1,0,11.283084756553372,11.283084756553372,0.3912167550930177,-0.3912167550930177,5.907179729351506,4.794537184071822,0.0,0.0,4.877147193701299,19.877111081969446,16.900237369631732,17.95872852100419,12.263210640074686,36.17318399448427,5.733667477162185,0.9823256277819772,3.0250626207273026,18.274932041763755,1.0318287037037037,6.574716641783741,-0.3912167550930177,10.17821785504325,3.5932459897539264,2.064220607868696,0.0
O=C1Nc2cc(Br)ccc2/C1=C1/Nc2ccccc2/C1=N\O,0,12.38117819349962,12.38117819349962,0.2180035903250186,-0.2180035903250186,0.0,10.001790208849112,0.0,5.907179729351506,16.981828845895805,26.97439504859353,0.0,0.0,42.46456947923127,31.71923383271255,0.0,0.8856629503653316,3.390368580500254,12.38117819349962,18.796113958700765,4.466566292412027,-0.2180035903250186,13.048113614847018,0.0,0.0,0.0
CCN1CCN(Cc2ccc(NC(=O)c3ccc(C)c(NC(=O)c4cncc(-c5cccs5)c4)c3)cc2C(F)(F)F)CC1,0,14.039634939843813,14.039634939843813,0.04120765515128144,-4.571147914998648,23.55410946784348,22.760319511168106,0.0,23.359045663990127,24.340350578205708,41.70468646329462,35.732730654932645,31.319681976688532,22.412706638239612,27.44120265950097,0.0,42.11890481953144,1.5377115672696584,35.5931333254083,7.3571159343458294,1.9412860803527454,-0.9847219265608427,14.26162773855528,-1.4238624272798064,8.015471555044067,0.0
COc1cc2ncnc(Nc3ccc(F)c(Cl)c3)c2cc1OCCCCCOCCOCCC(=O)N[C@H](C(=O)N1C[C@H](O)C[C@H]1C(=O)NCc1ccc(-c2scnc2C)cc1)C(C)(C)C,0,13.950495525163518,13.950495525163518,0.004351112733640861,-0.9296854484988788,35.32703908583841,23.880553994730988,0.0,49.37503079463442,60.33472550921912,40.96044304072178,23.35996394253824,30.57931755613549,63.53732341468792,30.902301374860617,30.548391705432714,36.69077928006343,7.532034161794758,55.91017299657942,20.191483337731807,5.254138880214839,-0.08514028004314134,13.980804030293026,3.1364228839407877,9.522290852238939,1.5614583016305852
C[C@@H]1O[C@@H](Oc2c(-c3ccc(O)c(O)c3)oc3cc(O)cc(O)c3c2=O)[C@H](O)[C@H](O)[C@H]1O,0,13.226758629377677,13.226758629377677,0.06579958217855042,-1.7446460590409003,59.13273000536458,40.540228947956756,0.0,28.042455099962382,0.0,24.26546827384644,12.990104268152233,0.0,0.0,0.0,13.890876844653445,16.630955005458972,0.0,13.226758629377677,69.24251437925952,-1.0529685794070711,-2.7973147434542627,5.510405463060135,-7.350158673113671,1.4231418521520434,0.0
