SMILES,label,FpDensityMorgan1,FpDensityMorgan2,FpDensityMorgan3,BCUT2D_MWHI,BCUT2D_MWLOW,BCUT2D_CHGHI,BCUT2D_CHGLO,BCUT2D_LOGPHI,BCUT2D_LOGPLOW,BCUT2D_MRHI,BCUT2D_MRLOW
Cl.Cl.N[C@@H](Cc1ccc([N+]([O-])(CCCl)CCCl)cc1)C(=O)O,0,1.1818181818181819,1.6363636363636365,2.0,35.496855200842035,10.06080324915005,2.19452311718064,-2.4096341687359035,2.228800278769636,-2.4583222507628895,6.181890548998456,-0.13799803443186956
CC1CCCC2(C(O2)CC(OC(=O)CC(C(C(=O)C(C1O)C)(C)C)O)C(=CC3=CSC(=N3)C)C)C,0,1.2285714285714286,1.9142857142857144,2.5428571428571427,32.13348132689713,9.726055086154933,2.5259110631785573,-2.3420421506622686,2.447319863975847,-2.4541026311520384,7.091971488710061,-0.1541258038159997
CC(=O)N(O)CCCCCNC(=O)CCC(=O)N(O)CCCCCNC(=O)CCC(=O)N(O)CCCCCN.CS(=O)(=O)O,0,0.6136363636363636,0.9545454545454546,1.2954545454545454,32.23961545419679,10.179622097392004,2.1401171761885336,-2.150447096101343,2.03017999776569,-2.3128779901361103,7.845506565828293,-0.16595447232835103
CC(C)CC(NC(=O)CNC(=O)c1cc(Cl)ccc1Cl)B1OC(=O)C(CC(=O)O)(CC(=O)O)O1,1,1.1176470588235294,1.7352941176470589,2.2941176470588234,35.49678909678646,9.735387526703763,2.574208797279693,-2.240250226880377,2.3208798384145344,-2.5134121942856957,6.514744258391003,-0.1573350153916017
CCc1nc(-c2cccc(C)c2)c(-c2ccnc(NC(=O)c3ccccc3)c2)s1,0,1.0,1.8275862068965518,2.586206896551724,32.13356822461588,10.053785864101833,2.1558234480637855,-2.0742709503194394,2.3742623397844125,-2.121394105495793,7.152797474783933,0.10216762469996253
Cn1cnc2c(F)c(Nc3ccc(Br)cc3Cl)c(C(=O)NOCCO)cc21,0,1.4444444444444444,2.2222222222222223,2.925925925925926,79.9187312450412,10.098198549427401,2.2188880771350465,-2.1494033258689145,2.3371333952232027,-2.2592090477996587,9.103011355050901,0.01685925588494858
C=CCNC1=C2C[C@@H](C)C[C@H](OC)[C@H](O)[C@@H](C)/C=C(\C)[C@H](OC(N)=O)[C@@H](OC)/C=C\C=C(/C)C(=O)NC(=CC1=O)C2=O,0,1.2142857142857142,1.9047619047619047,2.5,16.57778722629063,9.847521359235781,2.329948895513536,-2.296479575486855,2.284283682165242,-2.3748807387421054,6.231847257858678,-0.11979148555803704
CC(C)(C)NCC(O)COc1nsnc1N1CCOCC1.O=C(O)/C=C\C(=O)O,0,1.2413793103448276,1.8275862068965518,2.3448275862068964,32.14068308319328,10.10236734993513,2.2056890819393424,-2.267289466526961,2.257898522898798,-2.421923103442502,6.991062373159799,-0.1337143957697084
CCCCOCCOc1ccc(-c2ccc3c(c2)/C=C(/C(=O)Nc2ccc([S@@](=O)Cc4cncn4CCC)cc2)CCCN3CC(C)C)cc1,0,0.96,1.74,2.48,32.197262152245806,9.95745111274177,2.1971890846770212,-2.302682266681372,2.3322588281702066,-2.302628404552405,7.838327053979969,-0.11247353997031566
Cn1cnc2c(F)c(Nc3ccc(Br)cc3F)c(C(=O)NOCCO)cc21,0,1.3703703703703705,2.1481481481481484,2.8518518518518516,79.91873123855834,10.097404449568856,2.220735204257015,-2.145500383000423,2.317131139026949,-2.2595456453647746,9.103000079562173,0.01685860846613957
CC1(CCO)C[C@]2(CC[C@H](C(C)(C)C)CC2)OO1,1,1.1666666666666667,1.7777777777777777,2.2777777777777777,17.225697581910463,9.663806956636805,2.5061312706858208,-2.401629361129633,2.497542795286434,-2.3801925267447634,4.969327355358773,-0.3536993952432865
CN(C)c1cccc(-c2c3c(=O)n(-c4ccccc4Cl)[nH]c3cc(=O)n2C)c1,0,1.0,1.75,2.4642857142857144,35.49569203006489,10.062835875386057,2.1857018012554557,-2.149154107543961,2.279206464540896,-2.2001236499355428,6.319330639750183,0.8633629560627099
CC(=O)O[C@@]12CO[C@@H]1C[C@H](O)[C@@]1(C)C(=O)[C@H](O)C3=C(C)[C@@H](OC(=O)[C@H](O)[C@@H](NC(=O)OC(C)(C)C)c4ccccc4)C[C@@](O)([C@@H](OC(=O)c4ccccc4)[C@H]21)C3(C)C.O,0,0.9491525423728814,1.5423728813559323,2.0847457627118646,16.637268075317486,9.444002582164057,2.7763751259719727,-2.6697491393355297,2.637928756797394,-2.814215266677429,5.938741412901468,-0.34551815285336046
COC1=C(C=C(C(=C1)N2C(=O)C3=CC=CC=C3NC2=S)Cl)Cl,0,1.1818181818181819,1.9090909090909092,2.6363636363636362,35.49683642593593,10.208645187643647,2.134713301115646,-2.1207184181936247,2.322534567533113,-2.204376154460874,7.710008458925278,0.4145564704761103
CCn1c2ccccc2c2cc(-n3nncc3-c3ccccc3)ccc21,0,0.8076923076923077,1.5769230769230769,2.423076923076923,15.424790075831721,10.117108075200697,2.1275211012687496,-2.0741108411147295,2.3111599504019398,-1.9933053202082673,6.0824854038953555,0.8068602748299699
Cc1c2oc3c(C)ccc(C(=O)N[C@@H]4C(=O)N[C@@H](C(C)C)C(=O)N5CCC[C@H]5C(=O)N(C)CC(=O)N(C)[C@@H](C(C)C)C(=O)O[C@@H]4C)c3nc-2c(C(=O)N[C@@H]2C(=O)N[C@@H](C(C)C)C(=O)N3CCC[C@H]3C(=O)N(C)CC(=O)N(C)[C@@H](C(C)C)C(=O)O[C@@H]2C)c(N)c1=O,1,0.6111111111111112,1.0333333333333334,1.4444444444444444,16.551544280605494,9.979279205397383,2.4644062089104164,-2.3573518272313336,2.35291229726605,-2.611694909398212,6.103559087852672,-0.16312289168093877
C=CCc1cccc(CNc2nc3ccccc3n2CCC)c1O,0,1.1666666666666667,1.9583333333333333,2.75,16.25613225728508,10.06202162795778,2.1092147118044062,-2.119351644152719,2.251863435362566,-2.0777686562463913,5.781539726666864,0.46314432601361427
Cl.Cl.O=S(=O)(c1cccc2cnccc12)N1CCCNCC1,0,1.0909090909090908,1.9090909090909092,2.727272727272727,35.45400265624545,10.16831066172511,2.2597704393303997,-2.201172453152642,2.2485085637379605,-2.3384136026331244,7.889649462844577,0.43231899963426307
Cc1[nH]c2ccccc2c1CCNCc1ccc(/C=C/C(=O)NO)cc1,1,1.1538461538461537,1.9230769230769231,2.6923076923076925,16.466784847569652,10.078798800851608,2.065540097016105,-2.06060027267886,2.2145287847049917,-2.1645810598093895,5.903311604335454,-0.1236289425967188
Cc1ccc(F)c(NC(=O)Nc2ccc(-c3cccc4[nH]nc(N)c34)cc2)c1,0,1.0714285714285714,1.8571428571428572,2.642857142857143,19.142211650379796,10.010228931213064,2.1055702574376824,-2.1005721843969165,2.3134839199304538,-2.19677080922132,6.022772616759677,0.2617539810897239
CS(=O)(=O)CCNCc1ccc(-c2ccc3ncnc(Nc4ccc(OCc5cccc(F)c5)c(Cl)c4)c3c2)o1,0,1.025,1.9,2.7,35.495693096153424,10.09690902965349,2.1141121911683807,-2.1211392275794787,2.3247477367068163,-2.211563426796274,7.902111016768615,0.30558042230322485
CCc1c2c(nc3ccc(O)cc13)-c1cc3c(c(=O)n1C2)COC(=O)[C@]3(O)CC,1,1.206896551724138,2.0,2.7241379310344827,16.551334004129405,9.856925234244834,2.4503879388561582,-2.3125777706606363,2.401168807719422,-2.439223922930286,5.894283897270326,-0.17183759390263556
CC/C(=C(\c1ccccc1)c1ccc(OCCN(C)C)cc1)c1ccccc1,0,0.7142857142857143,1.25,1.7857142857142858,16.477564073801492,9.880766821803205,2.1249395124783494,-2.168105744985228,2.3435768561106105,-2.1889487244379717,5.980852209262774,0.2611505744063253
CCCCC(=O)OCC(=O)[C@]1(O)Cc2c(O)c3c(c(O)c2[C@@H](O[C@H]2C[C@H](NC(=O)C(F)(F)F)[C@H](O)[C@H](C)O2)C1)C(=O)c1c(OC)cccc1C3=O,0,1.0784313725490196,1.7647058823529411,2.411764705882353,19.41339851331829,9.7153886726441,2.510310928034295,-2.4255322740463425,2.522977177220226,-2.5726407868455974,6.310731300484975,-0.2502913069451591
CC(=O)NC(CS)C(=O)O,0,1.7,2.2,2.3,32.11686682549867,10.32622143120944,2.144961042700431,-2.078855960138907,1.8644334954683401,-2.403563066312477,7.798532635861701,-0.14032574077398902
Cc1c[nH]c2nccc(Oc3c(F)cc(Nc4cc(Cl)nc(N)n4)cc3F)c12,0,1.1785714285714286,1.9285714285714286,2.642857142857143,35.495696918085265,10.193858503551189,2.168891195699408,-2.1192955248040772,2.3486331581548727,-2.0140765000753906,6.292614674482841,0.41074721340923437
CC1=[N+](C2=C(N1CCOC)C(=O)C3=CC=CC=C3C2=O)CC4=NC=CN=C4.[Br-],1,1.1071428571428572,1.8214285714285714,2.4642857142857144,79.90400041437445,9.896122206683845,2.4238259468892895,-2.123828120352669,2.2674053816528104,-2.9960056485700224,6.260409913692685,-0.6956677556130026
CCN1CCN(Cc2ccc(Nc3ncc(F)c(-c4cc(F)c5nc(C)n(C(C)C)c5c4)n3)nc2)CC1.CS(=O)(=O)O,0,1.0,1.6666666666666667,2.261904761904762,32.23961526650621,10.101923281091807,2.188896235759587,-2.3345786554805157,2.300980012178275,-2.4509456204080866,7.845508029224285,0.1316051233060585
Cc1nc(Nc2ncc(C(=O)Nc3c(C)cccc3Cl)s2)cc(N2CCN(CCO)CC2)n1,0,1.2121212121212122,2.0,2.727272727272727,35.4956926279063,10.173622896957422,2.19156876067445,-2.3471555825901347,2.2812254639844087,-2.470931023082427,7.171599304418783,0.1025458174207042
CC(C)(CC1=CC2=CC=CC=C2C=C1)NCC(COC3=C(C(=CC=C3)Cl)C#N)O,0,1.103448275862069,1.8620689655172413,2.6206896551724137,35.49569204777746,9.930194579895145,2.1978941748868843,-2.279673852090151,2.2516935871453923,-2.4576460364850057,6.314808383897152,0.0986899756272822
O=S(=O)(NCCSSCCNS(=O)(=O)c1cc(Cl)ccc1Cl)c1cc(Cl)ccc1Cl,0,0.6666666666666666,1.0333333333333334,1.4,35.49898320770007,10.357609171620513,2.186729185246408,-2.0929365995263014,2.26273994243796,-2.2651559547646185,8.76287180217326,0.5822078394172204
C[C@H]1O[C@@H](O[C@H]2[C@@H](O)C[C@H](O[C@H]3[C@@H](O)C[C@H](O[C@H]4CC[C@@]5(C)[C@H](CC[C@@H]6[C@@H]5C[C@@H](O)[C@]5(C)[C@@H](C7=CC(=O)OC7)CC[C@]65O)C4)O[C@@H]3C)O[C@@H]2C)C[C@H](O)[C@@H]1O,1,0.6909090909090909,1.290909090909091,1.8727272727272728,16.740962470818445,9.422150111309,2.705647363449231,-2.6466077979952445,2.6967997496497143,-2.666417879245334,5.850098723713081,-0.335924396523092
CN(C)CC[C@H](CSc1ccccc1)Nc1ccc(S(=O)(=O)NC(=O)c2ccc(N3CCN(Cc4ccccc4-c4ccc(Cl)cc4)CC3)cc2)cc1[N+](=O)[O-],1,0.8928571428571429,1.5714285714285714,2.25,35.495693961608936,9.989707382848858,2.2568130917402707,-2.3610829735594177,2.3080892887896125,-2.4556884218109434,7.989601752948655,-0.38369425873304763
CC(C)(C)OC(=O)Nc1ccc(-c2cc(C(=O)NCCCCCCC(=O)NO)no2)cc1,0,1.0625,1.75,2.40625,16.566603693977616,10.124253455323956,2.1662859052539822,-2.1920035841384267,2.2251458774402764,-2.266988839798225,5.927231604205996,-0.12882229976624282
C[C@]1(c2nc3c(C(N)=O)cccc3[nH]2)CCCN1.Cl.Cl,0,1.4,2.15,2.75,35.454001736278585,9.99810736256509,2.32855908382104,-2.2053565420689583,2.297661715598474,-2.3383341561531883,6.035522100413798,0.10014424779500561
Cc1ccc(Nc2nccc(N(C)c3ccc4c(C)n(C)nc4c3)n2)cc1S(N)(=O)=O,0,1.096774193548387,1.8709677419354838,2.6129032258064515,32.23311738455445,10.163238008702406,2.1380010826289118,-2.1865175174285136,2.277062094959902,-2.1409041898687446,7.888201546999663,0.5969758965366723
CO[C@H]1C(=O)[C@]2(C)[C@@H](OC)C[C@H]3OC[C@@]3(OC(C)=O)[C@H]2[C@H](OC(=O)c2ccccc2)[C@]2(O)C[C@H](OC(=O)[C@H](O)[C@@H](NC(=O)OC(C)(C)C)c3ccccc3)C(C)=C1C2(C)C,0,0.9333333333333333,1.55,2.0833333333333335,16.638617057225133,9.443208471447733,2.780403257411615,-2.6748136522723605,2.6445633922998293,-2.816016116925638,5.941783658645392,-0.3470902025464011
CC1(C)CCC(c2ccc(Cl)cc2)=C(CN2CCN(c3ccc(C(=O)NS(=O)(=O)c4ccc(N[C@H](CCN5CCOCC5)CSc5ccccc5)c(S(=O)(=O)C(F)(F)F)c4)cc3)CC2)C1,1,0.8615384615384616,1.5384615384615385,2.2,35.495694893957634,9.725060372488768,2.483587346157298,-2.393854029181755,2.4295652402981496,-2.4692557966854802,7.989749917405125,-0.04354788750118427
O=C1NC(=O)C(c2cnc3ccccn23)=C1c1cn2c3c(cc(F)cc13)CN(C(=O)N1CCCCC1)CC2,0,0.9473684210526315,1.763157894736842,2.6052631578947367,19.1421512163982,9.9769024991335,2.362633940676568,-2.3213851769247196,2.382750261056561,-2.451832835764421,6.494637507745923,-0.12235355746369103
CN1CCc2c(c3ccccc3n2Cc2ccc(C(=O)NO)cc2)C1,0,1.16,1.92,2.68,16.467002863634914,10.050521751748335,2.21590608614651,-2.2396624077224274,2.3070275614747,-2.269959258802772,5.928856464768699,0.07060892839648455
CCN(CC)CCOC1=CC=C(C=C1)NC2=NC=C3C=C(C(=O)N(C3=N2)C)C4=C(C=CC=C4Cl)Cl,1,1.0571428571428572,1.7428571428571429,2.4,35.4968372374241,10.060848062174125,2.1590269320359896,-2.176231271321369,2.334030281118186,-2.273945795438221,6.387732973193463,0.22258758877575416
COc1cc(Nc2ncc3c(n2)-c2ccc(Cl)cc2C(c2c(F)cccc2OC)=NC3)ccc1C(=O)O,1,1.054054054054054,1.864864864864865,2.6216216216216215,35.495692276072,9.943188875105266,2.252578729463034,-2.1485281761648003,2.361236406669712,-2.094005611822572,6.314174431395487,0.06930979208032251
CC(=O)c1c(C)c2cnc(Nc3ccc(N4CCNCC4)cn3)nc2n(C2CCCC2)c1=O.Cl,0,1.1176470588235294,1.8529411764705883,2.5,35.45300159594353,10.034190450529083,2.254772535125382,-2.2865439722111187,2.316702546614311,-2.4306931156755853,5.99026163777918,0.10104328965520148
CC1=NC(=CC=C1)C2=C(N=C(N2)CNC3=CC=CC=C3F)C4=CN5C(=NC=N5)C=C4,0,1.0333333333333334,1.9333333333333333,2.8,19.1422115694875,10.109165891402352,2.163253931967373,-2.0463404137358463,2.293991950261316,-2.0251274800361676,5.766404711397771,0.6296049521179768
NS(=O)(=O)OC[C@H]1C[C@@H](Nc2ncncc2C(=O)c2ccn(Cc3cccc(Br)c3)n2)C[C@@H]1O,0,1.3235294117647058,2.1470588235294117,2.911764705882353,79.91873135455526,10.08230945985687,2.3446888402257127,-2.1504978302443374,2.295545069202845,-2.2417153347958854,9.103006815516657,0.10053312820511204
CC1=CC=C(C=C1)C(=O)N(CCCN)C(C2=C(C(=O)C3=C(O2)C=C(C=C3)Cl)CC4=CC=CC=C4)C(C)C.Cl,0,1.0263157894736843,1.7105263157894737,2.3421052631578947,35.49571786882652,9.913924552588638,2.333445947100616,-2.347351286439643,2.345795575082308,-2.396612733642711,6.307399881324474,0.05871639178840023
O=C(Cc1ccc(-c2ccc(OCCN3CCOCC3)cc2)cn1)NCc1ccccc1,0,0.96875,1.71875,2.4375,16.48288794864025,10.071727107227442,2.097755196567671,-2.2582325583118896,2.218168400102102,-2.3820506473955376,5.7785704038630366,-0.1201728554715453
O=C(NC1CC1)c1cc(-c2cccs2)on1,0,1.5625,2.4375,3.125,32.13347344114515,10.287448845367269,2.2492977191895718,-1.9595781165902761,2.252753136967747,-2.249806344229602,7.130031710218752,0.09418663774336483
Nc1ccc2ncnc(NCCc3ccc(Oc4ccccc4)cc3)c2c1,0,0.8518518518518519,1.6296296296296295,2.4444444444444446,16.480522956929896,10.130390277123835,2.03961106801012,-2.0951279277172357,2.226756501033463,-2.0685852990694515,5.905670485351886,0.482250145369673
O=C(c1cc(Cc2n[nH]c(=O)c3ccccc23)ccc1F)N1CCN(C(=O)C2CC2)CC1,0,1.0,1.6875,2.40625,19.142197194722538,10.015030589147548,2.3507356684684404,-2.3464860929237368,2.3102962356751133,-2.507075868757256,5.9474877239823805,-0.13353941852147905
CC1=C(C=C(C=C1F)C(=O)NC2CC2)C3=NC=C(C=C3)C(=O)NCC(C)(C)C,0,1.1428571428571428,1.8571428571428572,2.4285714285714284,19.14219309132195,9.966616706443453,2.2447799241794417,-2.182332333173422,2.264926473397151,-2.317834480004759,5.962579534820947,0.09348360418627571
Cn1ncnc1C1c2n[nH]c(=O)c3cc(F)cc(c23)NC1c1ccc(F)cc1,0,1.1071428571428572,1.8928571428571428,2.607142857142857,19.14352254660737,9.83370267138756,2.372679952653706,-2.33302542503941,2.4526884056673746,-2.2954793303255485,5.968689695930128,0.5620147255643653
CNC(=O)c1ccc(-c2cnc3ncc(Cc4ccc5ncccc5c4)n3n2)cc1F,0,1.064516129032258,1.935483870967742,2.774193548387097,19.142197283480478,10.071802217197666,2.1370661657641175,-2.066958794141348,2.212288567904691,-2.1871281406507808,5.94275176420863,0.0958874271323577
CC1(C)CCC(CN2CCN(c3ccc(C(=O)NS(=O)(=O)c4ccc(NCC5CCOCC5)c([N+](=O)[O-])c4)c(Oc4cnc5[nH]ccc5c4)c3)CC2)=C(c2ccc(Cl)cc2)C1,0,1.0327868852459017,1.8032786885245902,2.557377049180328,35.49569392012665,9.722169686270426,2.305065440968192,-2.39092381945167,2.4339083587631047,-2.468300621244796,7.897102788410281,-0.38368312208627464
Cc1ccc(-n2nc(C(C)(C)C)cc2NC(=O)Nc2ccc(OCCN3CCOCC3)c3ccccc23)cc1,0,0.9743589743589743,1.6923076923076923,2.41025641025641,16.483139604063574,9.924614200322594,2.2171632005913486,-2.2603221668826388,2.320987087313978,-2.382208291413836,6.0696886953636,0.03231689459229913
CS(=O)CCCCN=C=S,0,1.6,2.3,2.8,32.197101081218676,10.339016072990786,1.8907864320061503,-1.9168367637560788,1.9012296350909517,-1.9391860800943566,7.83737505770197,0.6817485755825039
c1cc(CN2CCCNCCNCCCNCC2)ccc1CN1CCCNCCNCCCNCC1,0,0.3888888888888889,0.7222222222222222,1.1111111111111112,15.144542479026622,10.104618080352028,2.091942956538476,-2.2446807273583937,2.106989991060311,-2.3647799092810278,5.221967023446595,0.25760430264462947
COC(=O)c1ccc([C@H]2c3[nH]c4ccccc4c3C[C@H](C(=O)OC)N2C(=O)CCl)cc1,1,1.064516129032258,1.7741935483870968,2.4193548387096775,35.49566407237505,9.873411465678824,2.432643702047716,-2.403230388306812,2.4095187279362498,-2.51953884435042,6.270444701594388,-0.15378811486646066
FC(F)(F)c1ccc(CNc2ccc(Cc3c[nH]c4ncc(Cl)cc34)cn2)cn1,0,0.9655172413793104,1.7586206896551724,2.4482758620689653,35.49569188879813,10.072400914550338,2.3145053123627495,-2.084461741635416,2.2702995498218845,-2.0849593770666566,6.30633720952311,-0.14071600996181974
[2H]C([2H])([2H])C([2H])([2H])C(=C(c1ccc(O)cc1)c1ccc(OCCN(C)C)cc1)c1ccccc1,0,0.896551724137931,1.5172413793103448,2.103448275862069,16.477586033586366,1.7155390644520254,2.388331416568664,-2.423701686807471,2.57652035443255,-2.2401288449802506,5.9968748027607655,-0.37876413163249834
O=C(/C=C/c1cccc(S(=O)(=O)Nc2ccccc2)c1)NO,0,1.0454545454545454,1.7727272727272727,2.4545454545454546,32.23327134737282,10.185793534662317,2.1349025255739487,-2.0799019218718446,2.1698743507479086,-2.145321453268431,7.923322376318804,-0.12362956741367263
C/C=C1\NC(=O)[C@H]2CSSCC/C=C/[C@H](CC(=O)N[C@H](C(C)C)C(=O)N2)OC(=O)[C@H](C(C)C)NC1=O,1,0.9444444444444444,1.6388888888888888,2.2777777777777777,33.11460346660529,10.018018047630232,2.3318448526254802,-2.2734361050534893,2.2362991341477705,-2.5690043255182835,8.762876118703561,-0.15281236803341483
CC(C)CC(NC(=O)C(CCc1ccccc1)NC(=O)CN1CCOCC1)C(=O)NC(Cc1ccccc1)C(=O)NC(CC(C)C)C(=O)C1(C)CO1,1,0.6923076923076923,1.1923076923076923,1.7692307692307692,16.601326857440924,9.925701331682353,2.4994779191376506,-2.2866470435336264,2.294309015309257,-2.5891246029895707,5.984607369131972,-0.1350395634632013
C=C1C[C@@H]2[C@H](CC[C@]3(C)C(=O)CC[C@@H]23)[C@@]2(C)C=CC(=O)C=C12,0,1.1818181818181819,1.9545454545454546,2.727272727272727,16.140800596213612,9.475745168396864,2.5850524351595214,-2.5560814768732163,2.637885217648821,-2.496941210583628,6.015179097554504,-0.1306902769195128
CCC1C(=O)N(C2=CN=C(N=C2N1C(C)C)NC3=C(C=C(C=C3)C(=O)NC4CCC(CC4)N5CCN(CC5)CC6CC6)OC)C,0,1.0666666666666667,1.8,2.4444444444444446,16.46647403414176,9.892733312685944,2.3819640528223314,-2.420849096068895,2.3723505125542372,-2.544823012403098,6.04076108542703,-0.11967944311737735
CN1CCN(CCOc2cc(OC3CCOCC3)c3c(Nc4c(Cl)ccc5c4OCO5)ncnc3c2)CC1,0,1.0789473684210527,1.9210526315789473,2.763157894736842,35.49569259953375,10.120205835696828,2.2399343794132562,-2.3169111201212798,2.4572390532457997,-2.452230608448915,6.335634955516624,0.02607833000191042
CC(C)n1cc(-c2ccc3c(c2)N(C)CC3)c2c(NS(=O)(=O)c3ccn(C)n3)ccnc21,0,1.125,1.9375,2.65625,32.23328158510891,10.016863654900368,2.2345889969935846,-2.133758928740104,2.3929388368307114,-2.1417897261010044,7.922385405939311,0.5929820208671737
CN(C)C/C=C/C(=O)Nc1cc2c(Nc3ccc(F)c(Cl)c3)ncnc2cc1O[C@H]1CCOC1,0,1.3235294117647058,2.176470588235294,2.911764705882353,35.495692449379476,10.143621019833944,2.2046713839230097,-2.1746563518806696,2.3466314256254353,-2.1791520602229535,6.305853853742082,-0.11148896599077424
C[C@]12CC[C@@H]3c4ccc(O)cc4C[C@@H](CCCCCCCCCS(=O)CCCC(F)(F)C(F)(F)F)[C@H]3[C@@H]1CC[C@@H]2O,1,0.926829268292683,1.5853658536585367,2.292682926829268,32.19721735865879,9.517654395529327,2.57085892164702,-2.5286156158317974,2.6239142533313666,-2.4676781199791815,7.844605609867308,-0.2837810294250383
C1=CC=C(C=C1)CN2C=C(C3=C2C=CC(=C3)C4=CC=C(C=C4)OC(F)(F)F)C(=O)C(=O)O,0,0.90625,1.5625,2.1875,19.422450004531495,10.011100447389863,2.3058751390000287,-2.097527377194042,2.308502488545367,-2.164456521188075,6.419024187340442,-0.2741958982238647
COC1=C(C=C(C=C1)N(C(C2=CC=CS2)C(=O)NCCC3=CC=CC=C3)C(=O)CCl)Cl,1,1.1290322580645162,1.903225806451613,2.5161290322580645,35.49677075644479,10.105690013421087,2.3294254285174443,-2.3009627337296443,2.3487301963332285,-2.443192301148973,7.097371522305525,-0.12533655402173116
O=C(O[Na])C(Cl)Cl,0,1.7142857142857142,2.142857142857143,2.142857142857143,,,,,,,,
O=C(CCCCCCC(=O)Nc1ccccc1)NO,1,0.8947368421052632,1.4736842105263157,2.0526315789473686,16.466912691053505,10.105130650193665,2.022074429228837,-2.043710302414025,2.085994894652924,-2.1724504286433675,5.900457626583409,-0.1288871784057278
C=CCn1c(=O)c2cnc(Nc3ccc(N4CCN(C)CC4)cc3)nc2n1-c1cccc(C(C)(C)O)n1,1,1.0810810810810811,1.8108108108108107,2.4864864864864864,16.282295560445853,10.052517932016983,2.2163742669885353,-2.336405417046026,2.233567344943599,-2.4398079206687764,5.767394878744458,0.07376452852542137
C=Cc1c(C)c2cc3nc(cc4[nH]c(cc5nc(cc1[nH]2)C(C)=C5CCC(=O)O)c(CCC(=O)OC)c4C)[C@@]1(C)C3=CC=C(C(=O)OC)[C@H]1C(=O)OC,0,0.8301886792452831,1.509433962264151,2.169811320754717,16.5333440523016,9.639803104260578,2.5330250586802,-2.3603574445249693,2.5212378121013024,-2.4179031596685423,6.016785203329889,-0.1486021505163788
Cc1ccc(F)c(NC(=O)Nc2ccc(-c3cccc4[nH]nc(N)c34)cc2)c1,0,1.0714285714285714,1.8571428571428572,2.642857142857143,19.142211650379796,10.010228931213064,2.1055702574376824,-2.1005721843969165,2.3134839199304538,-2.19677080922132,6.022772616759677,0.2617539810897239
CC(C)Cc1ccc([C@@H](C)C(=O)NS(C)(=O)=O)cc1,0,1.1578947368421053,1.6842105263157894,2.1052631578947367,32.23310119909044,9.96385182244945,2.1780613547348717,-2.1227648567860835,2.1741660296081418,-2.323126163375463,7.888426607624138,-0.11993641280023704
O=C(O)CNC(=O)C1C(=O)N(C2CCCCC2)C(=O)N(C2CCCCC2)C1=O,0,0.8214285714285714,1.25,1.6428571428571428,16.366924546133912,9.89005349488309,2.527821090867054,-2.442198745488081,2.322806169356937,-2.6694255341016384,6.259845937532038,-0.1575408509448056
NC(=O)c1ccc(I)c([N+](=O)[O-])c1,0,1.5384615384615385,2.1538461538461537,2.6153846153846154,126.91270432032877,10.173557270918083,2.132956535020898,-1.969125166276368,2.2097083217230624,-2.1080625562955593,14.111960271358722,-0.38539895804077834
CNC(=O)c1ccccc1Oc1nc(Nc2cc(OC)c(OC)c(OC)c2)ncc1Br,0,1.0,1.6774193548387097,2.2903225806451615,79.91873130587712,10.164784764819009,2.1630507817433964,-2.1497957781194614,2.4033347427495655,-2.180262397616702,9.103434464552162,0.09604645061461499
CC[C@@H]1C(=O)N(C)c2cnc(Nc3ccc(C(=O)NC4CCN(C)CC4)cc3OC)nc2N1C1CCCC1,0,1.131578947368421,1.868421052631579,2.5526315789473686,16.466461843254205,10.033116093520993,2.408064679191323,-2.4310322533616646,2.400049398242446,-2.5522428277377536,6.041266722251668,-0.1197093850853239
CNC(=O)c1ccc(Nc2ncc(C(F)(F)F)c(NCc3nccnc3N(C)S(C)(=O)=O)n2)cc1,0,1.0857142857142856,1.7428571428571429,2.342857142857143,32.233257425217715,10.168652436174648,2.351504868950358,-2.1890156663492104,2.3416773894532863,-2.2747359107100724,7.915790748587627,-0.13692009760612167
COc1ccc(/C=C/C(=O)c2c(O)cc(OC)cc2OC)cc1,0,0.9565217391304348,1.608695652173913,2.1739130434782608,16.477922370341425,10.060425237847074,2.1673069426950766,-2.099419352194861,2.334225122378405,-2.0021932461079754,6.102039732260243,0.10374738446600158
CCC[C@H](Nc1nc(-c2ccc(NC(=O)NCC)c(OC)c2)ncc1C)c1cccnc1,0,1.1875,2.03125,2.71875,16.46649209163428,10.040646963347516,2.1529110483556075,-2.2022843393018534,2.3081512909420647,-2.278688063779682,5.910009354527517,0.25220140447292877
O=C(NOCC1CC1)c1ccc(F)c(F)c1Nc1ccc(I)cc1Cl,0,1.28,2.04,2.72,126.91270443072469,10.117530741957546,2.2325595268684877,-2.1451102714800454,2.3146634208855668,-2.255918413016435,14.11191802601285,0.027044753429253762
Nc1ccn([C@@H]2O[C@H](CO)[C@@H](O)C2(F)F)c(=O)n1,0,1.6111111111111112,2.2777777777777777,2.7777777777777777,19.28589249751449,10.113259945532505,2.5898329279445527,-2.203522994767572,2.4136828214623733,-2.413505706665207,5.2334337977271534,-0.14048761492283335
C#Cc1cccc(Nc2ncnc3cc(OCCOC)c(OCCOC)cc23)c1,0,0.9310344827586207,1.6551724137931034,2.3448275862068964,16.547436843280437,10.152772629222428,2.1271423094475135,-2.149806213511913,2.346649456365802,-2.0864608068912376,5.926346383776923,0.13221198602191725
CCC1=C[C@@H]2C[N@](C1)Cc1c([nH]c3ccccc13)[C@@](C(=O)OC)(c1cc3c(cc1OC)N(C)[C@H]1[C@@](O)(C(=O)OC)[C@H](OC(C)=O)[C@]4(CC)C=CCN5CC[C@]31[C@@H]54)C2.O=C(O)[C@H](O)[C@@H](O)C(=O)O.O=C(O)[C@H](O)[C@@H](O)C(=O)O,0,0.8051948051948052,1.4025974025974026,1.9350649350649352,16.57833649990255,9.473343053496501,2.8019512038976,-2.6305602684981455,2.680397202473776,-2.809863224788152,5.949142506552563,-0.22814864813992305
c1ccc(NCc2ccc(CNc3ccccn3)cc2)nc1,0,0.5909090909090909,1.0454545454545454,1.4090909090909092,14.977606219283306,10.125189805567757,1.9710417693539046,-2.0777498807982093,2.092913417945081,-2.0264527081096433,5.368205389887182,1.0818078400613407
C/C(=C\c1csc(C)n1)[C@@H]1C[C@@H]2O[C@]2(C)CCC[C@H](C)[C@H](O)[C@@H](C)C(=O)C(C)(C)[C@@H](O)CC(=O)N1,0,1.2571428571428571,1.9428571428571428,2.5714285714285716,32.13348131685897,9.724817116595455,2.52160981729228,-2.3439462887612366,2.4422511129086963,-2.4711542903881387,7.091972857711531,-0.14277514212057912
CO/C1=C\C(C)=C\[C@@H](C)[C@@H](O)[C@@H](C)C/C(C)=C/C=C/[C@H](OC)[C@@H]([C@@H](C)[C@@H](O)[C@H](C)[C@@]2(O)C[C@@H](O)[C@H](C)[C@@H](C(C)C)O2)OC1=O,0,1.0454545454545454,1.6818181818181819,2.25,16.637984925214585,9.759591532715138,2.512810328556233,-2.490316037773854,2.411594734643721,-2.587350566573487,5.8661004237168415,-0.32824784818041913
C1C2CC3CC1CC(C2)(C3)OCCN4CC5=CC6=C(C=C5OC4)OCO6,0,0.9230769230769231,1.6153846153846154,2.3461538461538463,16.69724865038047,9.540341163638944,2.5114619123493345,-2.559766524918281,2.5662336876313465,-2.5223238507441983,5.51765598171911,-0.16511615949141642
CCN(CC)C(=S)SSC(=S)N(CC)CC,1,0.75,1.0,1.1875,33.11585389127351,10.57497491546521,2.106732486044013,-2.229953635478207,2.2759622273429336,-2.279885513534658,8.89124589210261,0.4817176199399899
CC(C)CC(NC(=O)C(Cc1ccccc1)NC(=O)c1cnccn1)B(O)O,1,1.1071428571428572,1.8214285714285714,2.392857142857143,16.378687245732912,9.74596434846048,2.2988982874270216,-2.2387195891570166,2.0850815346306972,-2.546262997470485,6.432550792701841,-0.123009254806496
C[C@@H](O[C@H]1OCCN(Cc2nc(=O)[nH][nH]2)[C@H]1c1ccc(F)cc1)c1cc(C(F)(F)F)cc(C(F)(F)F)c1,0,1.054054054054054,1.6756756756756757,2.2162162162162162,19.417170271807837,10.002942691356857,2.391798695084132,-2.4131179853308957,2.3939176965524216,-2.4611154704805474,5.344730818605953,-0.23101558642105774
C#Cc1cccc(Nc2ncnc3cc(OC)c(OCCCCCCC(=O)NO)cc23)c1,0,1.125,1.96875,2.75,16.514047543408644,10.134691625954112,2.11972492403316,-2.137934328512526,2.345299804761202,-2.172163764868862,5.926418891711882,-0.1288170536324066
Cc1ncc([N+](=O)[O-])n1CCOC(=O)NC(Nc1ncccn1)C(Cl)(Cl)Cl,0,1.3703703703703705,2.037037037037037,2.6296296296296298,35.58251828495496,10.50292922059769,2.347997730513489,-2.2539508010742373,2.3010251515228273,-2.492845347115736,6.678003383554155,-0.3918364942435886
Cc1sc2c(c1C)C(c1ccc(Cl)cc1)=N[C@@H](CC(=O)OC(C)(C)C)c1nnc(C)n1-2,0,1.1612903225806452,1.8387096774193548,2.4838709677419355,35.495692246071,9.994675017986639,2.329079426852845,-2.2053477993890347,2.393230138370806,-2.2485542176593953,7.147364568009063,-0.15481444406188205
O=C(N/N=C/c1ccc(O)c(O)c1)c1cc2ccccc2cc1O,0,0.875,1.5833333333333333,2.2916666666666665,16.303115338112104,10.057262369815454,2.1125764173646133,-2.0540758115758257,2.251521983130533,-2.1729230352485653,6.013243244420938,0.09523867696364616
CNC1=CC=CC(=N1)CCOC2=CC3=C(CC(C(=O)N(C3)CC(F)(F)F)CC(=O)O)C=C2,0,1.28125,2.0625,2.75,19.41320217211024,9.939856592287601,2.3781878488263515,-2.2467417816683954,2.298721274222276,-2.4094610328371453,5.839002640856325,-0.16505914320029716
CCNC(=O)CC1C2=NN=C(N2C3=C(C=C(C=C3)OC)C(=N1)C4=CC=C(C=C4)Cl)C,0,1.2,1.9666666666666666,2.6666666666666665,35.49569187718777,9.996353947572738,2.294061353147673,-2.136879980535025,2.3392277757498046,-2.2463727552571515,6.303910126180884,-0.12089444355131002
CC(C)NCC(O)COc1ccc(CCOCC2CC2)cc1.Cl,0,1.2173913043478262,1.9130434782608696,2.5217391304347827,35.453001062538,10.145283778637964,2.2032839437864555,-2.1476923157148042,2.282764899283714,-2.3467241780205517,5.853024921937069,0.10442202937356584
Cc1cc(Nc2cc(Cl)nc(Oc3ccc([N+](=O)[O-])cc3)n2)n[nH]1,0,1.2083333333333333,1.9583333333333333,2.5833333333333335,35.49569669155678,10.29050568571046,2.0922418082073198,-2.066372561413881,2.2450206900224132,-1.9844818715649581,6.2919887266960295,-0.38444989119232076
Cc1nc(Nc2ncc(C(=O)Nc3c(C)cccc3Cl)s2)cc(N2CCN(CCO)CC2)n1,0,1.2121212121212122,2.0,2.727272727272727,35.4956926279063,10.173622896957422,2.19156876067445,-2.3471555825901347,2.2812254639844087,-2.470931023082427,7.171599304418783,0.1025458174207042
CC(C)NCC(O)COc1cccc2ccccc12.Cl,0,1.1,1.8,2.55,35.45300090784483,10.110876783104585,2.0714426758507902,-2.1549170389406442,2.2455983800096746,-2.346909976145208,5.876743672574646,0.10525034787588647
CNC(=O)C1=CC=CC=C1NC2=CC(=NC=C2C(F)(F)F)NC3=C(C=C(C=C3)N4CCOCC4)OC,1,1.0277777777777777,1.7777777777777777,2.4722222222222223,19.413197802052373,10.113610675014971,2.343925645449272,-2.290171844459513,2.3844779353176304,-2.3566692627524537,5.998665958433666,-0.13667974172439423
COc1cc2c(cc1-c1c(C)noc1C)ncc1[nH]c(=O)n([C@H](C)c3ccccn3)c12,0,1.1935483870967742,2.032258064516129,2.7096774193548385,16.468460448345695,10.000271310973702,2.2156546991817736,-2.1507642476536617,2.3856716538525786,-2.21457562780616,6.044638378446871,0.39304277368018464
CC(C)C[C@@H](NC(=O)[C@@H](Cc1ccccc1)NC(=O)[C@H](N)Cc1ccccc1)C(=O)N[C@H](CCCCN)C(=O)N1CCC(N)(C(=O)O)CC1.O=C(O)C(F)(F)F,1,0.7678571428571429,1.2321428571428572,1.6964285714285714,19.413520719414787,9.881525096491625,2.4064104882821002,-2.3767848517524093,2.2145530768132393,-2.6046462314522456,5.947682392605536,-0.1924686087035372
Cc1ccc(C(=O)N(CCCN)[C@@H](c2nc3cc(Cl)ccc3c(=O)n2Cc2ccccc2)C(C)C)cc1,0,1.054054054054054,1.7567567567567568,2.4054054054054053,35.49569222740961,9.98274856397576,2.322798821516693,-2.353290069893895,2.3046729434433195,-2.420167428657158,6.307686907254284,0.060248156400952324
Nc1ccccc1NC(=O)c1ccc(CNc2nccc(-c3cccnc3)n2)cc1,0,0.9333333333333333,1.7666666666666666,2.533333333333333,16.14918481623589,10.113739902704966,2.079937051702069,-2.091624870083052,2.1854116726621946,-2.1292486066939484,6.052317565351142,0.1022110329579926
CC(C)[C@H]1C(=O)N[C@@H](CCCNC(=N)N)C(=O)NCC(=O)N[C@@H](CC(=O)O)C(=O)N[C@H](Cc2ccccc2)C(=O)N1C.O=C(O)C(F)(F)F,0,0.9795918367346939,1.5510204081632653,2.061224489795918,19.413516704582385,9.979029276922589,2.3863509359454644,-2.3394512916665677,2.1536995854942296,-2.5934584563642633,5.976496560218263,-0.19246936069036363
CC(C)CCn1c(CN2CCN(C(=O)C3CC3)CC2)nc2c1c(=O)n(C)c(=O)n2C,0,1.0666666666666667,1.7333333333333334,2.3333333333333335,16.16254027480731,10.128943772864556,2.3440202842693925,-2.342979672424708,2.3093795085239726,-2.485505103792109,5.806984421907203,-0.1339088489879072
CN1CCc2cc(Nc3ncc(C4CC4)c(NCCCNC(=O)C4CCC4)n3)ccc2C1,0,1.15625,2.03125,2.8125,16.149776020437972,9.84656785272933,2.2764624033515632,-2.2496193620613614,2.4247051789089564,-2.349622141716278,5.788126092149571,-0.12684261652711123
Cc1ccc(=O)n(-c2ccccc2)c1,0,1.0,1.7142857142857142,2.4285714285714284,16.139670830662634,10.251777940489395,1.9681766074820146,-2.0471843259931837,2.03957819823743,-2.1572034684690418,5.3195032490920005,0.9764978564940928
Cl.N[C@H](Cc1c[nH]c2ccccc12)C(=O)N/N=C/c1ccc2nccnc2c1,0,1.1785714285714286,1.9642857142857142,2.8214285714285716,35.453001292062815,10.054439957620932,2.151837991958233,-2.0859765104329866,2.1829169696898365,-2.394368571126442,5.888786457210002,-0.1218049829580267
O=c1c(-c2ccc(O)cc2)coc2cc(O[C@@H]3O[C@H](CO)[C@@H](O)[C@H](O)[C@H]3O)ccc12,0,0.9666666666666667,1.7,2.4,16.705490312282397,9.992342525545372,2.44263224258237,-2.3904618625037766,2.274215098559063,-2.5956948599704974,5.822150877479871,-0.27704531688135065
CC1=CC(=CN=C1C2=CC(=NC=C2)C)CC(=O)NC3=NC=C(C=C3)C4=NC=CN=C4,0,0.8666666666666667,1.7666666666666666,2.466666666666667,16.14910531567751,10.042247018927034,2.0970406346340766,-2.089875251255227,2.2197185860262802,-2.1519579456010822,5.9112944160028755,-0.11514772958842998
CC(=NNc1c(Cl)cc(Cl)cc1Cl)c1cc(Cl)ccc1O,0,1.0,1.619047619047619,2.238095238095238,35.49904639840245,10.11743222592866,2.0887167590114664,-2.089166720221146,2.334565378640766,-2.0074182267184253,6.413145176181789,0.47391410699181596
CC1=C(C(=O)Nc2cc3cn[nH]c3cc2F)C(c2ccc(C(F)(F)F)cc2)CC(=O)N1,0,1.1935483870967742,1.903225806451613,2.5806451612903225,19.413203320728822,9.833981151547802,2.3383948296744737,-2.271372924617246,2.3591242136513118,-2.350888457350211,6.074012598952632,-0.13725582317479282
CCOc1cc2ncc(C#N)c(Nc3ccc(OCc4ccccn4)c(Cl)c3)c2cc1NC(=O)/C=C/CN(C)C,0,1.125,1.975,2.675,35.49569268803678,10.076327658755845,2.156897284043034,-2.162549494537555,2.370629211313638,-2.131657721135238,6.319390917640931,-0.11148545816921226
C=C(C)[C@@H]1CC[C@]2(C(=O)O)CC[C@]3(C)[C@H](CC[C@@H]4[C@@]5(C)CC[C@H](O)C(C)(C)[C@@H]5CC[C@]43C)[C@@H]12,0,0.8181818181818182,1.5151515151515151,2.1515151515151514,16.368328164573718,9.31973630691352,2.714856901252958,-2.723184658671892,2.770559938273476,-2.666293606133112,5.758802759415214,-0.24767676006433584
Cc1c(F)cccc1NC(=O)Nc1ccc(Cl)c(S(=O)(=O)[C@H]2CCCNC2)c1O,0,1.2413793103448276,1.9655172413793103,2.6551724137931036,35.49569400935971,10.158075471919528,2.3373657409703266,-2.238260920794752,2.3924962946864183,-2.3848869957169403,7.919195155431274,0.2616835154494658
Cc1nc(Nc2n[nH]c3c2CN(C(=O)N[C@H](CN(C)C)c2ccccc2)C3(C)C)c2sccc2n1,0,1.2,1.9714285714285715,2.7142857142857144,32.133446736581604,10.007134357273507,2.439084869944701,-2.336746701481728,2.4144676390211353,-2.4823561478780687,7.173048439648627,0.13752233410661288
Nc1ccccc1NC(=O)c1ccc(CNC(=O)OCc2cccnc2)cc1,0,0.9642857142857143,1.75,2.4642857142857144,16.547158939185447,10.114343467790533,2.0827738043015755,-2.0916337554664564,2.175904207043948,-2.2328485575502475,6.0522843702841715,0.10218580427030993
C1=CC(=C(C=C1I)F)NC2=C(C=CC(=C2F)F)C(=O)NOCC(CO)O,0,1.1923076923076923,1.9230769230769231,2.576923076923077,126.91270443850304,10.11648165435234,2.202444667891011,-2.1464746303336293,2.2810505365407185,-2.3002702200214102,14.111917822833714,-0.029471218477016822
CC(C)CCN1c2nc(Nc3cc(F)c(O)c(F)c3)ncc2N(C)C(=O)C1C,0,1.2857142857142858,1.9285714285714286,2.5357142857142856,19.145647212951577,10.07805793367261,2.3467052963825172,-2.389127013849159,2.3460307595119967,-2.512891860234191,6.036005992885567,-0.11913209135643439
CC(=O)N1CCCC1C(=O)NC(CC2=CN=CN2)C(=O)NC(CO)C(=O)NC(CS)C(=O)NC(CC(=O)N)C(=O)N,0,1.024390243902439,1.6341463414634145,2.1707317073170733,32.116868855245315,10.084912140060055,2.356222882061939,-2.266099984210348,2.174771661004301,-2.6009061130069706,7.7985738492411425,-0.13838578289544445
Cc1ccc(Sc2cncc3sc(C(N)=O)cc23)cc1,0,1.25,2.0,2.7,32.16662840916464,10.23974890860351,2.1065596260986177,-2.027291727484709,2.358703498980903,-2.075037695136943,7.992185596203158,0.10039331739183228
O=C1Nc2cc(Br)ccc2/C1=C1/Nc2ccccc2/C1=N\O,0,1.0,1.8181818181818181,2.6363636363636362,79.91873115579507,10.01449798041716,2.335378256119496,-2.047669560261577,2.392864441972765,-2.11944841956848,9.10301654900619,-0.11038421664832995
CCN1CCN(Cc2ccc(NC(=O)c3ccc(C)c(NC(=O)c4cncc(-c5cccs5)c4)c3)cc2C(F)(F)F)CC1,0,0.9069767441860465,1.6511627906976745,2.3488372093023258,32.133475246333184,10.040734479057962,2.341197443054491,-2.3405773929330174,2.3470821502495514,-2.4529679251259315,7.130794837942283,-0.13802916144392527
COc1cc2ncnc(Nc3ccc(F)c(Cl)c3)c2cc1OCCCCCOCCOCCC(=O)N[C@H](C(=O)N1C[C@H](O)C[C@H]1C(=O)NCc1ccc(-c2scnc2C)cc1)C(C)(C)C,0,0.9538461538461539,1.7076923076923076,2.4153846153846152,35.495694417672404,9.851308314800804,2.440633359966919,-2.349816108462957,2.354660395338315,-2.573836441626575,7.129650548068122,-0.14376154628363955
C[C@@H]1O[C@@H](Oc2c(-c3ccc(O)c(O)c3)oc3cc(O)cc(O)c3c2=O)[C@H](O)[C@H](O)[C@H]1O,0,0.875,1.59375,2.28125,16.70511494706034,9.998239448671878,2.435493054638269,-2.3838682013677057,2.3884914045241508,-2.5803141385271195,5.879815794541741,-0.267859190919983
