SMILES,label,AvgIpc,BalabanJ,BertzCT,HallKierAlpha,Ipc,Chi0,Chi0n,Chi0v,Chi1,Chi1n,Chi1v,Chi2n,Chi2v,Chi3n,Chi3v,Chi4n,Chi4v,Kappa1,Kappa2,Kappa3
Cl.Cl.N[C@@H](Cc1ccc([N+]([O-])(CCCl)CCCl)cc1)C(=O)O,0,2.3948011968803775,0.0,439.4162720431854,-0.27000000000000024,20719.819955409028,15.173362107437434,11.782984819944318,14.927835873836681,9.424869361839846,6.206067296456672,7.27511226410637,4.529800680666627,5.285729626685082,3.0711504030326235,3.4092121049240296,1.8879985041734222,2.4340881888544756,23.988558969812697,11.294202107536687,6.8748384270489
CC1CCCC2(C(O2)CC(OC(=O)CC(C(C(=O)C(C1O)C)(C)C)O)C(=CC3=CSC(=N3)C)C)C,0,3.2229563369811096,1.8543203562410286,955.2228661971676,-1.61,31391201.521522895,26.129027554137906,22.037218298268936,22.853714879196662,16.240743738315413,12.623531972592096,13.50318478384699,11.267746699272594,12.329973696362543,7.927034926538876,8.718776684215522,5.066840453263061,5.637002112965611,27.9690161555879,10.788360786352277,6.586905539578758
CC(=O)N(O)CCCCCNC(=O)CCC(=O)N(O)CCCCCNC(=O)CCC(=O)N(O)CCCCCN.CS(=O)(=O)O,0,2.94298785940384,0.0,944.7628393134172,-2.900000000000001,667394644.4671941,33.9680445584345,25.908860603944632,26.725357184872358,20.57749381806795,14.69384886111586,16.542160480380367,10.079503043693181,11.545543242517885,5.882887728431913,5.882887728431913,3.4476622155617926,3.4476622155617926,43.22918544488851,26.497672900791404,30.55428803677844
CC(C)CC(NC(=O)CNC(=O)c1cc(Cl)ccc1Cl)B1OC(=O)C(CC(=O)O)(CC(=O)O)O1,1,3.01102224318426,2.1009906687225866,972.790888794508,-2.825064935064935,13960351.704655394,25.629027554137906,18.300622910149357,19.812480802186265,15.823912624418465,10.178011408431088,10.933940354449541,8.137273229581183,8.980909136793771,4.793302006192717,5.357987330020499,3.3814448179223615,3.756917789885775,27.41971192645425,11.541002053749208,7.339231512976625
CCc1nc(-c2cccc(C)c2)c(-c2ccnc(NC(=O)c3ccccc3)c2)s1,0,3.1921067756853856,1.6970692582899833,1151.7717358070624,-3.309999999999999,6474052.20446566,20.216967702877938,16.346233783389703,17.16273036431743,14.135361590784806,9.533461435159364,10.34995801608709,6.758274714429348,7.84189647055501,4.5651197355007,5.813882194388912,3.117473314679543,4.139353518032054,19.025899030525586,8.369043624535019,4.249856196402264
Cn1cnc2c(F)c(Nc3ccc(Br)cc3Cl)c(C(=O)NOCCO)cc21,0,3.00169473027451,2.0867106284228685,1011.497467706933,-2.1999999999999993,1278262.6958032092,19.551677284948283,14.092995694776508,16.434921179909665,12.917922655570507,7.806307011985805,8.977269754552383,5.588739729198151,6.911615384730448,3.7540798090686054,4.560040456273943,2.4685363648734,3.189204819985329,19.558520828692362,8.21832288234669,4.05715966483012
C=CCNC1=C2C[C@@H](C)C[C@H](OC)[C@H](O)[C@@H](C)/C=C(\C)[C@H](OC(N)=O)[C@@H](OC)/C=C\C=C(/C)C(=O)NC(=CC1=O)C2=O,0,2.935192291874461,2.6203077236130485,1212.425897498645,-3.8,652578352.3841956,31.55974897445605,25.13893225295833,25.13893225295833,19.835043973341573,13.770855890808422,13.770855890808422,10.600570755327775,10.600570755327775,7.216740714650959,7.216740714650959,4.952711749055898,4.952711749055898,34.40147855060391,15.998597983616888,9.101640408762918
CC(C)(C)NCC(O)COc1nsnc1N1CCOCC1.O=C(O)/C=C\C(=O)O,0,3.1214326039039797,4.470832870443853e-07,652.9838382046931,-2.2800000000000002,1597237.0634176664,21.863596551749424,16.699214520007228,17.515711100934954,13.581206017382838,8.932968195725035,9.663264939065257,7.09794105111749,7.626388738973145,3.4018782789502886,3.9039370383136536,2.0357137140421506,2.5559533399532057,24.757425149700598,12.318136056349683,11.341681135721531
CCCCOCCOc1ccc(-c2ccc3c(c2)/C=C(/C(=O)Nc2ccc([S@@](=O)Cc4cncn4CCC)cc2)CCCN3CC(C)C)cc1,0,3.5417958726130996,1.2984998765913007,1730.2338741137605,-4.209999999999999,149625517370.9626,35.29610720425117,30.02841765090214,30.844914231829865,24.338070191192035,18.03529606152528,19.3542279545121,13.272085231334882,14.723208948377719,8.692647515576155,10.048551274650686,6.128026972790124,7.2433249603868175,37.055144900003995,18.689586161118477,10.403259222122667
Cn1cnc2c(F)c(Nc3ccc(Br)cc3F)c(C(=O)NOCCO)cc21,0,3.00169473027451,2.0867106284228685,1009.497467706933,-2.56,1278262.6958032092,19.551677284948283,14.092995694776508,15.678992233891211,12.917922655570507,7.806307011985805,8.599305281543156,5.588739729198151,6.504415257989842,3.7540798090686054,4.247331447785644,2.4685363648734,2.801685388903719,19.208502772812476,7.987972379621039,3.9181567223534253
CC1(CCO)C[C@]2(CC[C@H](C(C)(C)C)CC2)OO1,1,2.5594050688710523,1.9375335654479429,286.60406432185454,-0.12,9224.095868211272,13.441311299868556,12.290807913923144,12.290807913923144,8.287152230862004,7.264081391636276,7.264081391636276,7.590268020651536,7.590268020651536,4.8779586123395875,4.8779586123395875,3.566000548987194,3.566000548987194,14.292507181844297,4.767736577725448,2.8900370339197026
CN(C)c1cccc(-c2c3c(=O)n(-c4ccccc4Cl)[nH]c3cc(=O)n2C)c1,0,2.988907069546391,2.087597805664706,1314.222707851998,-3.2499999999999996,2648581.1438866304,19.99927104214099,15.732254263143464,16.488183209161917,13.379917853109722,8.756579843393395,9.134544316402621,6.827407415457062,7.234607542197668,4.8184993152170295,5.1381118434776205,3.357687958204428,3.577936759257482,18.1291088385683,6.725958414554905,2.8224483272959726
CC(=O)O[C@@]12CO[C@@H]1C[C@H](O)[C@@]1(C)C(=O)[C@H](O)C3=C(C)[C@@H](OC(=O)[C@H](O)[C@@H](NC(=O)OC(C)(C)C)c4ccccc4)C[C@@](O)([C@@H](OC(=O)c4ccccc4)[C@H]21)C3(C)C.O,0,3.144412387322181,6.6149737109964545e-06,1978.3416229466118,-4.71,1464011835189.8,42.74998341876801,34.384962475611374,34.384962475611374,26.990414843854843,19.33466298515773,19.33466298515773,17.573846614463754,17.573846614463754,12.56716788569392,12.56716788569392,9.559609692764472,9.559609692764472,45.375682619139084,16.046796682128942,7.659135006023285
COC1=C(C=C(C(=C1)N2C(=O)C3=CC=CC=C3NC2=S)Cl)Cl,0,2.490139165339568,2.4089619561606765,994.9794982221275,-1.8199999999999994,104155.0508686581,15.853006672199017,11.391989028047757,13.720343501012394,10.524075805453153,6.3014563999877,7.465633636470018,4.554464829743916,5.755563414292115,3.2674158244234763,4.150154963800378,2.2273739391858363,3.063432271263051,15.090210012188171,5.758158262183258,2.410595407161447
CCn1c2ccccc2c2cc(-n3nncc3-c3ccccc3)ccc21,0,3.308344296983397,1.7536084835376784,1215.09686293854,-3.399999999999999,2670416.1162618706,17.5098609216914,14.50151466265152,14.50151466265152,12.86450464295571,8.840703505970446,8.840703505970446,6.359941423544798,6.359941423544798,4.935590390860147,4.935590390860147,3.745570452435706,3.745570452435706,14.902278252021032,5.845179063360882,2.1549347013909315
Cc1c2oc3c(C)ccc(C(=O)N[C@@H]4C(=O)N[C@@H](C(C)C)C(=O)N5CCC[C@H]5C(=O)N(C)CC(=O)N(C)[C@@H](C(C)C)C(=O)O[C@@H]4C)c3nc-2c(C(=O)N[C@@H]2C(=O)N[C@@H](C(C)C)C(=O)N3CCC[C@H]3C(=O)N(C)CC(=O)N(C)[C@@H](C(C)C)C(=O)O[C@@H]2C)c(N)c1=O,1,0.8928234033823161,1.3208241868707518,3416.9750833567773,-8.720000000000002,8.308789954605445e+20,66.97663336732207,54.134276641637484,54.134276641637484,42.10163029441587,30.527496783055554,30.527496783055554,25.543887943195333,25.543887943195333,17.52323484596421,17.52323484596421,12.277858056588098,12.277858056588098,68.7652375195437,27.571948433999033,13.704301230794632
C=CCc1cccc(CNc2nc3ccccc3n2CCC)c1O,0,2.941392901637981,1.8683437481933791,851.2112882685554,-2.75,421948.69452577166,16.940946820939054,13.99597684594962,13.99597684594962,11.740713402868023,8.339892493706747,8.339892493706747,5.846982201036968,5.846982201036968,4.106113364682924,4.106113364682924,2.9420787248593263,2.9420787248593263,16.11992715920916,7.214845862628448,3.1312612557614234
Cl.Cl.O=S(=O)(c1cccc2cnccc12)N1CCCNCC1,0,2.7595662064335094,1.2099996340667822e-06,711.6046596836795,-0.9200000000000002,56228.921022289185,14.001789232183626,11.935304164389727,14.384793907172906,9.693506678639473,6.730692295494118,8.17075562429476,4.860598650989379,6.766955515767466,3.557609446297445,5.514402800025191,2.5181833875556925,4.211792809011604,19.127438330170776,8.079133516296965,3.6958501378079105
Cc1[nH]c2ccccc2c1CCNCc1ccc(/C=C/C(=O)NO)cc1,1,2.990767312876745,1.5099558284909402,910.655819230834,-2.8899999999999997,1089046.0462416864,18.355160383312146,14.750284921419725,14.750284921419725,12.669035095596021,8.65134558211351,8.65134558211351,6.251882993989273,6.251882993989273,4.424989909128155,4.424989909128155,3.0587858615064736,3.0587858615064736,17.91777196821441,8.468407934183652,4.3877134676139145
Cc1ccc(F)c(NC(=O)Nc2ccc(-c3cccc4[nH]nc(N)c34)cc2)c1,0,3.065715574808105,1.5242046044083266,1167.3584609865861,-3.869999999999999,3147705.072140773,19.672997628507925,15.084279320058936,15.084279320058936,13.50804039084698,8.682413124446112,8.682413124446112,6.476755917219902,6.476755917219902,4.441239977630858,4.441239977630858,3.0910377610221333,3.0910377610221333,17.539168480547648,7.033963998390729,3.372130349072744
CS(=O)(=O)CCNCc1ccc(-c2ccc3ncnc(Nc4ccc(OCc5cccc(F)c5)c(Cl)c4)c3c2)o1,0,3.3922507391730585,1.291877087026654,1760.5816038855614,-3.989999999999999,1089671666.2054772,28.11430892837647,21.525578213549018,23.0980037404952,19.23129794297471,12.395212290053271,14.833690279846518,9.21561269991148,11.882565337251219,6.008345079265792,7.249420413511956,4.026938249729609,4.777163731713349,27.572125089822265,12.033712839100877,7.14680707641382
CCc1c2c(nc3ccc(O)cc13)-c1cc3c(c(=O)n1C2)COC(=O)[C@]3(O)CC,1,3.079164301451204,1.8378360528605546,1276.6583729672354,-3.19,5499159.584233543,20.49927104214099,16.151427454896115,16.151427454896115,13.884395805755094,9.70272738845572,9.70272738845572,7.575586562035366,7.575586562035366,6.1428425788785725,6.1428425788785725,4.5535672501959485,4.5535672501959485,17.87794434752313,5.903749744219742,2.2460754530401563
CC/C(=C(\c1ccccc1)c1ccc(OCCN(C)C)cc1)c1ccccc1,0,2.7348712069781036,1.9959473772927907,880.7355335102352,-2.839999999999999,2692338.48996718,19.769373945685235,17.059685998178228,17.059685998178228,13.685871848001627,9.90684881871516,9.90684881871516,7.115272621558707,7.115272621558707,4.790265908287313,4.790265908287313,3.348420112266566,3.348420112266566,19.908794575753564,9.910993617354528,5.113643813383921
CCCCC(=O)OCC(=O)[C@]1(O)Cc2c(O)c3c(c(O)c2[C@@H](O[C@H]2C[C@H](NC(=O)C(F)(F)F)[C@H](O)[C@H](C)O2)C1)C(=O)c1c(OC)cccc1C3=O,0,3.0718425006367713,1.5797388971231756,1776.49540958306,-4.58,74325305745.56342,37.57625683240109,27.665532037025127,27.665532037025127,23.926795682877703,16.079570222221925,16.079570222221925,12.679915413971687,12.679915413971687,9.289684307610937,9.289684307610937,6.635434120991255,6.635434120991255,37.669834590550046,14.208377027836098,7.023139300402498
CC(=O)NC(CS)C(=O)O,0,1.8143954273762264,3.833483296499401,147.8284895747849,-0.71,112.49251649732604,8.146264369941973,5.495380822303816,6.389808013303732,4.574586062669973,2.683681413884169,3.3161369459178447,1.7739214967304948,2.1390698684006053,0.85816388828254,1.2233122599526507,0.43083412437875646,0.6783064746390496,9.29,4.160819131484329,3.341930325442243
Cc1c[nH]c2nccc(Oc3c(F)cc(Nc4cc(Cl)nc(N)n4)cc3F)c12,0,2.9920356600504405,1.6661250967330816,1152.8785673047616,-3.46,2509180.9452315005,19.83613433532446,14.425234380318802,15.181163326337257,13.401887240964335,8.071512557756224,8.44947703076545,5.934568610732934,6.32181735191463,3.927369569733741,4.120993940324589,2.755082672850503,2.945023600005278,17.929145991649303,6.930766978316054,3.3902643181574454
CC1=[N+](C2=C(N1CCOC)C(=O)C3=CC=CC=C3C2=O)CC4=NC=CN=C4.[Br-],1,2.9730978382122384,2.2499977885022826e-06,1047.104406143197,-2.7099999999999995,2118344.102117573,18.965890847321372,15.554335954287675,17.14033249340238,13.1302289553358,8.683170033258639,8.683170033258639,6.375591512176338,6.375591512176338,4.847641315667694,4.847641315667694,3.542718076314656,3.542718076314656,20.03534326623064,8.116559134041909,3.1834575107910594
CCN1CCN(Cc2ccc(Nc3ncc(F)c(-c4cc(F)c5nc(C)n(C(C)C)c5c4)n3)nc2)CC1.CS(=O)(=O)O,0,3.2674536524808016,7.47729409001029e-07,1629.4145920110104,-3.5900000000000003,1330703697.3019156,30.60371904882607,24.34247515285637,25.158971733784096,19.816902141136865,13.621033050234729,15.469344669499234,10.458839938985214,11.924880137809918,6.841925959893509,6.841925959893509,4.915553859554298,4.915553859554298,31.347958456791243,13.1507605841777,8.028134703518214
Cc1nc(Nc2ncc(C(=O)Nc3c(C)cccc3Cl)s2)cc(N2CCN(CCO)CC2)n1,0,3.2507560434609006,1.431592912890649,1111.4321707155357,-2.789999999999999,33876609.84080048,23.371668241257186,18.507134660004112,20.079560186950292,15.92305529101951,10.658603284189198,11.853064338126151,7.751415202594919,9.189264211261888,5.361898965339837,6.588407717104564,3.6317796715737853,4.6192622916178205,23.370935025991837,10.429649853029732,5.772233374483719
CC(C)(CC1=CC2=CC=CC=C2C=C1)NCC(COC3=C(C(=CC=C3)Cl)C#N)O,0,2.7019905814616467,1.535940440225298,1026.809549931439,-2.5799999999999996,2877141.716923735,20.855160383312143,16.652813259118535,17.40874220513699,13.876141876782569,9.600145033294549,9.978109506303776,7.812666948331739,8.219867075072345,4.794588828070782,5.109559222245137,3.2936935997280434,3.5018209192593215,21.136630654785638,9.278424690184044,5.708787081091697
O=S(=O)(NCCSSCCNS(=O)(=O)c1cc(Cl)ccc1Cl)c1cc(Cl)ccc1Cl,0,2.6705956384675997,1.7095593786060985,1010.9190311337446,0.11999999999999966,2403899.2756276713,22.36359655174942,15.07037295563176,21.360075063416485,14.026511117512252,8.166283654080857,15.13250191301914,5.5889869774652245,13.449123687199865,3.40382054201304,10.1674630285375,2.0750183305713645,7.731492243575803,26.372939116183478,11.829080731771674,7.91430888932972
C[C@H]1O[C@@H](O[C@H]2[C@@H](O)C[C@H](O[C@H]3[C@@H](O)C[C@H](O[C@H]4CC[C@@]5(C)[C@H](CC[C@@H]6[C@@H]5C[C@@H](O)[C@]5(C)[C@@H](C7=CC(=O)OC7)CC[C@]65O)C4)O[C@@H]3C)O[C@@H]2C)C[C@H](O)[C@@H]1O,1,3.673753658404126,0.8374981988041249,1409.0037418555949,-1.2700000000000002,1464396350590.4775,39.189141007523446,32.904204385552106,32.904204385552106,26.010750257449796,20.940873252225263,20.940873252225263,18.815636027838842,18.815636027838842,15.951628518858236,15.951628518858236,12.762329157364425,12.762329157364425,40.506602762877655,15.080660135484404,6.950374051685667
CN(C)CC[C@H](CSc1ccccc1)Nc1ccc(S(=O)(=O)NC(=O)c2ccc(N3CCN(Cc4ccccc4-c4ccc(Cl)cc4)CC3)cc2)cc1[N+](=O)[O-],1,3.197380870422301,1.0585139842646754,2217.385045824551,-4.919999999999999,2355276046475.4976,39.65791452381696,31.305766790730623,33.694688898604525,26.94553056377787,18.309170299264313,21.15589657952141,13.90206711515538,17.114318125756064,9.61552113574339,12.370692383893875,6.5342222617525,8.64717925845547,40.73460591248288,18.81158110620648,10.888101212645315
CC(C)(C)OC(=O)Nc1ccc(-c2cc(C(=O)NCCCCCCC(=O)NO)no2)cc1,0,3.218574681105067,1.770400567892709,901.8900161416202,-3.4,9421746.538297586,23.562267164498685,18.565060676386647,18.565060676386647,15.17485371250945,10.460356908148693,10.460356908148693,8.235739327342882,8.235739327342882,4.298366963721484,4.298366963721484,2.7700464567128886,2.7700464567128886,24.865704894083272,11.847324613555292,8.763787729493856
C[C@]1(c2nc3c(C(N)=O)cccc3[nH]2)CCCN1.Cl.Cl,0,2.9423909666396653,9.999997595000605e-07,619.8587233754068,-1.2999999999999996,21508.87796613595,12.75071237662706,11.102679887209694,12.735673049065147,8.59997219694379,6.141136592369543,6.141136592369543,5.013838323815371,5.013838323815371,3.669528654337503,3.669528654337503,2.5890363613393594,2.5890363613393594,16.753475935828874,5.992974298583205,2.611768997963314
Cc1ccc(Nc2nccc(N(C)c3ccc4c(C)n(C)nc4c3)n2)cc1S(N)(=O)=O,0,3.011315190856428,1.627309736469276,1396.378075971583,-3.5,8680579.780183045,22.336134335324456,17.656965271598015,18.47346185252574,14.630048858775128,9.539109615311027,11.08542909323259,7.358217830081463,8.888062772385465,5.236889034523945,6.289766090233646,3.370209800003597,4.178268778672682,20.759876377317926,7.637285318559557,4.072096
CO[C@H]1C(=O)[C@]2(C)[C@@H](OC)C[C@H]3OC[C@@]3(OC(C)=O)[C@H]2[C@H](OC(=O)c2ccccc2)[C@]2(O)C[C@H](OC(=O)[C@H](O)[C@@H](NC(=O)OC(C)(C)C)c3ccccc3)C(C)=C1C2(C)C,0,3.1776451170373483,1.5197087024616345,2011.56550914795,-4.67,4105251294389.829,44.16419698114111,35.80703186553919,35.80703186553919,28.066424448776417,20.106166307382164,20.106166307382164,17.995598672058932,17.995598672058932,13.033372465709373,13.033372465709373,10.06961074630743,10.06961074630743,44.87179363080383,16.31133193352832,7.522873844497906
CC1(C)CCC(c2ccc(Cl)cc2)=C(CN2CCN(c3ccc(C(=O)NS(=O)(=O)c4ccc(N[C@H](CCN5CCOCC5)CSc5ccccc5)c(S(=O)(=O)C(F)(F)F)c4)cc3)CC2)C1,1,3.2777945379499758,1.0171796458665916,2532.5519184582818,-4.099999999999998,129333756398073.45,46.40899137937352,36.449289586733386,39.654708275535015,30.86507465039512,21.681185366562108,26.011074894413596,17.489832496612074,22.611693538113034,12.180753606315841,16.462138644640437,8.49126715311817,11.633001663465109,48.82235248379551,20.82219146073,12.668712766098391
O=C1NC(=O)C(c2cnc3ccccn23)=C1c1cn2c3c(cc(F)cc13)CN(C(=O)N1CCCCC1)CC2,0,3.5415446159819064,1.368747808865178,1693.394447501673,-4.47,919168523.1019741,25.965526368391863,20.61443372490999,20.61443372490999,18.491203638441366,12.873010290782917,12.873010290782917,10.054613498263244,10.054613498263244,7.758748748291148,7.758748748291148,6.021818637125211,6.021818637125211,22.706387823815746,8.541972611616838,3.4325150888523934
CN1CCc2c(c3ccccc3n2Cc2ccc(C(=O)NO)cc2)C1,0,2.9500582949404337,1.73304973847553,928.0143037729629,-2.63,859894.7920424173,17.388540578131753,14.197118355226937,14.197118355226937,12.169035095596021,8.480219078047707,8.480219078047707,6.654175453815091,6.654175453815091,5.010847397890938,5.010847397890938,3.7252246515079444,3.7252246515079444,15.872089143739272,6.3495125286346354,2.814941397617694
CCN(CC)CCOC1=CC=C(C=C1)NC2=NC=C3C=C(C(=O)N(C3=N2)C)C4=C(C=CC=C4Cl)Cl,1,2.858442633968435,1.5341197738513999,1365.1392294608422,-3.1299999999999994,73940044.50663473,24.94901851044682,19.885859456398844,21.39771734843575,16.90541720081447,11.44264077717518,12.198569723193634,8.016120461011123,8.830520714492335,5.861738509796789,6.491679298145499,3.837191064312812,4.4382358091489165,24.977641484381053,11.074607375205213,5.585660029122056
COc1cc(Nc2ncc3c(n2)-c2ccc(Cl)cc2C(c2c(F)cccc2OC)=NC3)ccc1C(=O)O,1,3.0421082346381074,1.5963725262913526,1574.5338937420374,-4.499999999999999,251607344.96582726,26.103719048826065,19.75013767249268,20.506066618511134,17.88858044840886,11.11160733861619,11.489571811625416,8.084505867750485,8.520941648222468,5.884083746909237,6.119180849696975,4.1769469719644565,4.3490499959173246,24.205760930756238,9.86545745307634,4.564058272632674
CC(=O)c1c(C)c2cnc(Nc3ccc(N4CCNCC4)cn3)nc2n(C2CCCC2)c1=O.Cl,0,3.3426918796909124,2.737995650040631e-06,1246.8965417750894,-3.0400000000000005,53698339.432106696,22.949018510446816,19.50441844433189,20.320915025259616,16.02487714325259,11.642185309815734,11.642185309815734,8.864198996043623,8.864198996043623,6.720289527548967,6.720289527548967,4.9934249308255225,4.9934249308255225,24.09623593751951,10.066860828935367,4.496200587465954
CC1=NC(=CC=C1)C2=C(N=C(N2)CNC3=CC=CC=C3F)C4=CN5C(=NC=N5)C=C4,0,3.3944843204567596,1.558940452352229,1338.3520182818604,-4.069999999999999,15034839.768714119,20.501424753254113,16.171992192781453,16.171992192781453,14.669836433395457,9.48305241559621,9.48305241559621,6.885294973132936,6.885294973132936,4.7650078992800005,4.7650078992800005,3.3230079018060423,3.3230079018060423,17.990102596000533,7.397505031103794,3.389131748289391
NS(=O)(=O)OC[C@H]1C[C@@H](Nc2ncncc2C(=O)c2ccn(Cc3cccc(Br)c3)n2)C[C@@H]1O,0,3.377311702479773,1.4430784963748502,1283.918186890302,-2.7099999999999995,44099983.80908078,24.294317972067564,17.911904257850033,20.314397377892462,16.175655050308883,10.420773705389088,12.685176495737474,8.060034369141626,10.197010717982314,5.508438632260546,6.46630588768337,3.9172750376011383,4.728395094176163,24.41569772464648,10.274832374692481,6.240307977121358
CC1=CC=C(C=C1)C(=O)N(CCCN)C(C2=C(C(=O)C3=C(O2)C=C(C=C3)Cl)CC4=CC=CC=C4)C(C)C.Cl,0,2.8833763714586493,3.999993087012435e-06,1433.731061278713,-3.1199999999999988,174365427.4297471,26.52636877963644,21.94685239295522,23.519277919901402,17.79493275328225,12.665661028185593,13.04362550119482,9.772502046486338,10.208937826958323,6.6018487037244,6.836945806512139,4.723705551542624,4.885797643255231,29.436180330414413,13.098577271406045,6.467736191742314
O=C(Cc1ccc(-c2ccc(OCCN3CCOCC3)cc2)cn1)NCc1ccccc1,0,2.8505966287046016,1.232845421533451,969.4636461543531,-3.2199999999999998,28323892.979177397,22.01201463280452,18.2042295421594,18.2042295421594,15.759152830872495,11.050385786855703,11.050385786855703,7.80416880792465,7.80416880792465,5.466516321589005,5.466516321589005,3.5843075896689305,3.5843075896689305,21.991127001597278,11.413438827146505,6.638230165624808
O=C(NC1CC1)c1cc(-c2cccs2)on1,0,2.84285100247017,1.7862202483977683,499.7965768672342,-1.6199999999999999,9569.036474314591,10.957819157813608,8.472923375212773,9.289419956140499,7.8264998404949235,5.142119465649991,6.021772276904885,3.8014397612605926,4.749133954259465,2.419387746219972,3.3038064706763612,1.4041154249954804,2.0773411762989724,9.594963302875392,3.7515297011988498,1.857383511564853
Nc1ccc2ncnc(NCCc3ccc(Oc4ccccc4)cc3)c2c1,0,2.703132954384709,1.3746298021959111,1033.0491550327945,-3.599999999999999,2297403.5104633817,18.476480726871788,14.799792812491638,14.799792812491638,13.275989583278102,8.837726260520967,8.837726260520967,6.234704035963721,6.234704035963721,4.267764873710881,4.267764873710881,2.88913978776409,2.88913978776409,16.846280991735537,7.742349957734576,4.149078673289538
O=C(c1cc(Cc2n[nH]c(=O)c3ccccc23)ccc1F)N1CCN(C(=O)C2CC2)CC1,0,3.6695822268629907,1.3423975184006576,1259.5791771291445,-3.5499999999999994,45182479.76302485,22.24191172926027,17.51289975272353,17.51289975272353,15.508040390846983,10.838355564878972,10.838355564878972,8.427744265644296,8.427744265644296,6.212894956233996,6.212894956233996,4.234604977090179,4.234604977090179,20.35811512793179,8.180995217053743,3.8798173352334135
CC1=C(C=C(C=C1F)C(=O)NC2CC2)C3=NC=C(C=C3)C(=O)NCC(C)(C)C,0,3.4502931504731347,1.8129851279023297,897.2332640340203,-2.7600000000000002,2265103.652113011,20.474327015758657,16.72709660813431,16.72709660813431,13.136848910048665,9.495373986671728,9.495373986671728,8.553817250889434,8.553817250889434,4.599970708516189,4.599970708516189,2.7074001216953874,2.7074001216953874,19.98666692542064,7.697816420357847,4.939592144308858
Cn1ncnc1C1c2n[nH]c(=O)c3cc(F)cc(c23)NC1c1ccc(F)cc1,0,3.0962665649344534,1.8223301368875469,1263.8956300644936,-3.6199999999999988,4076495.0191276623,19.413484604514082,14.649184041188784,14.649184041188784,13.524877143252588,8.60422879937311,8.60422879937311,6.7069571468897715,6.7069571468897715,5.074414441809435,5.074414441809435,3.8406194157499414,3.8406194157499414,16.546187167908005,5.9455231631607175,2.393236685528405
CNC(=O)c1ccc(-c2cnc3ncc(Cc4ccc5ncccc5c4)n3n2)cc1F,0,3.2002197037753595,1.5057574723791063,1445.0284042418796,-4.2,21157926.149101004,21.371668241257193,16.58024048324532,16.58024048324532,15.118524838379201,9.675210432540727,9.675210432540727,7.085760840051367,7.085760840051367,5.089771881391636,5.089771881391636,3.5096878862663994,3.5096878862663994,18.80497554393658,7.564707004061709,3.4803555098308188
CC1(C)CCC(CN2CCN(c3ccc(C(=O)NS(=O)(=O)c4ccc(NCC5CCOCC5)c([N+](=O)[O-])c4)c(Oc4cnc5[nH]ccc5c4)c3)CC2)=C(c2ccc(Cl)cc2)C1,0,3.7219099251765475,1.0032092071926542,2563.5382809314583,-5.479999999999999,43762524630358.69,42.72682862456929,34.285447371989456,35.85787289893563,29.297596635107283,20.665802219668333,22.52692994027195,16.86957252598595,18.988410547867463,11.96822863099511,13.548865425107508,8.400013009129422,9.511855993786975,42.22048453336903,17.855789620807272,10.01823709713814
Cc1ccc(-n2nc(C(C)(C)C)cc2NC(=O)Nc2ccc(OCCN3CCOCC3)c3ccccc23)cc1,0,3.3496195407699414,1.3322619189000384,1433.1343290809896,-3.8799999999999986,725071079.5827968,27.407202147189917,23.15987930609663,23.15987930609663,18.77500814891799,13.480528731496884,13.480528731496884,10.950613047180058,10.950613047180058,6.898977272320411,6.898977272320411,4.605084915893702,4.605084915893702,26.716210705040545,11.471316997387193,6.407509731014803
CS(=O)CCCCN=C=S,0,1.8709889548563379,3.0496571259388316,147.82680599646991,-0.05000000000000002,142.19516056908168,7.819990956308912,6.0003855916377375,7.63337875349319,4.7700556100296625,3.1075488007240915,5.242977274638639,1.9574316315536422,3.694639970771034,1.0162620501828699,2.0089515867817926,0.5418290918502139,1.2437665947922436,9.949999999999998,7.061731843575418,7.9499999999999975
c1cc(CN2CCCNCCNCCCNCC2)ccc1CN1CCCNCCNCCCNCC1,0,2.8924149582554137,1.4528875864837867,557.9417729250035,-1.1,142431826.12066215,24.936818074728013,22.76017745386246,22.76017745386246,17.898979485566358,14.668481269452773,14.668481269452773,10.283005886817447,10.283005886817447,7.072059477261144,7.072059477261144,4.916313528599075,4.916313528599075,29.455886046665345,19.937785058764078,14.001015803714436
COC(=O)c1ccc([C@H]2c3[nH]c4ccccc4c3C[C@H](C(=O)OC)N2C(=O)CCl)cc1,1,3.1935261081181054,1.924483318216562,1154.4881537303345,-3.32,14180814.360785149,22.120591385700628,17.054135775097855,17.810064721116312,14.993932260492079,9.724481075914506,10.259003559739355,7.2566597685006995,7.523921010413124,5.654582909952526,5.883214716003962,4.251280372809124,4.389293484677595,20.93278562067283,8.43186556292,3.5477698276970187
FC(F)(F)c1ccc(CNc2ccc(Cc3c[nH]c4ncc(Cl)cc34)cn2)cn1,0,3.0883816007506795,1.3931155218969034,1121.778107410945,-3.1299999999999994,4606778.237996549,20.432510652501765,14.963864663616514,15.71979360963497,13.881161298800643,8.70765271809258,9.085617191101807,6.495080826159354,6.931516606631339,4.391511015089513,4.598209967502363,2.921464443656115,3.079368392421538,19.197931224008727,7.710342252351122,4.482436680664137
[2H]C([2H])([2H])C([2H])([2H])C(=C(c1ccc(O)cc1)c1ccc(OCCN(C)C)cc1)c1ccccc1,0,2.780824161554782,2.2358169631503313,1106.6828508155274,-3.0399999999999987,23228646.90673965,24.93251065250176,21.722442543302016,16.722442543302012,16.00303876106338,11.980479047208277,9.480479047208275,6.964014460929693,6.964014460929693,4.5436648874073065,4.5436648874073065,3.031160961459391,3.031160961459391,14.887420114996704,9.944107279472263,5.489155453030887
O=C(/C=C/c1cccc(S(=O)(=O)Nc2ccccc2)c1)NO,0,2.5315865729971105,2.245466342540865,786.199563242807,-2.6399999999999997,86225.83867628158,16.001789232183626,11.431059718441297,12.247556299369023,10.509168480202892,6.312046976870944,7.795210224465336,4.353401683835933,6.035803925245448,2.7317493663189647,4.110716699538092,1.7148246114243213,2.8280130114763655,15.743277816590178,6.879544203978269,4.17507455905779
C/C=C1\NC(=O)[C@H]2CSSCC/C=C/[C@H](CC(=O)N[C@H](C(C)C)C(=O)N2)OC(=O)[C@H](C(C)C)NC1=O,1,2.8052071905418217,2.5523357390988037,905.0376252379815,-2.47,40867756.332453005,26.827698166887178,21.29056587116373,22.92355903301918,17.02698356085113,12.023572951073417,14.511606822786002,9.239909639204374,11.867109346165696,5.587705091703599,8.034405072717597,3.5018030911739593,5.658129836734902,29.758327793297926,14.315165593975907,8.879506536980426
CC(C)CC(NC(=O)C(CCc1ccccc1)NC(=O)CN1CCOCC1)C(=O)NC(Cc1ccccc1)C(=O)NC(CC(C)C)C(=O)C1(C)CO1,1,3.8727839032263467,1.5098221152722768,1475.6552130047153,-4.13,248622842994.75226,37.674786860691526,31.32073052883304,31.32073052883304,24.823226642954037,18.593326236945735,18.593326236945735,15.04901704913282,15.04901704913282,9.381515216787964,9.381515216787964,6.3277489170107,6.3277489170107,40.63776918264617,19.634849114999568,13.128877410376184
C=C1C[C@@H]2[C@H](CC[C@]3(C)C(=O)CC[C@@H]23)[C@@]2(C)C=CC(=O)C=C12,0,2.7726872145697685,1.775914314819425,652.618395327054,-1.44,125355.96165791381,15.698306133819765,13.523238883184767,13.523238883184767,10.359844450845582,8.529257531797425,8.529257531797425,8.17891886108688,8.17891886108688,7.2401327630365095,7.2401327630365095,5.97945915956571,5.97945915956571,14.17131785046163,4.305387329379492,1.6133092239891278
CCC1C(=O)N(C2=CN=C(N=C2N1C(C)C)NC3=C(C=C(C=C3)C(=O)NC4CCC(CC4)N5CCN(CC5)CC6CC6)OC)C,0,3.8703793410482805,1.0569119015020576,1365.206934127352,-3.44,22951877969.493046,31.664196981141124,27.589460241336525,27.589460241336525,21.748753793714993,16.90526241600605,16.90526241600605,13.523699707408767,13.523699707408767,10.12911825409147,10.12911825409147,7.324774346512796,7.324774346512796,31.538823466893394,13.50420102689227,6.889561329801692
CN1CCN(CCOc2cc(OC3CCOCC3)c3c(Nc4c(Cl)ccc5c4OCO5)ncnc3c2)CC1,0,3.4119402077140464,1.2928846283235809,1280.4382791500213,-3.05,865332454.1074038,25.898765978752643,21.45033651551815,22.206265461536603,18.63616292858424,13.058401273210285,13.436365746219513,9.741943855609986,10.149143982350589,7.141242312564698,7.456212706739053,4.92109091009112,5.117151944668822,25.24022197646934,11.364835649773651,5.53560260294156
CC(C)n1cc(-c2ccc3c(c2)N(C)CC3)c2c(NS(=O)(=O)c3ccn(C)n3)ccnc21,0,3.453076055614007,1.6979266225172676,1434.2199985107534,-3.33,24286357.52737538,22.620591385700624,18.571178833971107,19.387675414898833,15.242020625571206,10.608439201938728,12.09160244953312,8.549102061123744,10.178376227972798,6.002297296854144,7.259331171876374,4.315253294174695,5.355733000382448,20.565901066672136,7.371880174870755,3.3278552875423113
CN(C)C/C=C/C(=O)Nc1cc2c(Nc3ccc(F)c(Cl)c3)ncnc2cc1O[C@H]1CCOC1,0,3.2985868749281737,1.6802607790026551,1214.67784504622,-3.2699999999999996,52867959.29867568,24.078775022443732,18.846894151362736,19.602823097381194,16.385050488558726,10.763019374480841,11.14098384749007,8.098992989897502,8.506193116638109,5.098208904847835,5.387855366512398,3.419665972850485,3.6002086030792255,23.873698027859223,10.771676263256955,5.990027316260755
C[C@]12CC[C@@H]3c4ccc(O)cc4C[C@@H](CCCCCCCCCS(=O)CCCC(F)(F)C(F)(F)F)[C@H]3[C@@H]1CC[C@@H]2O,1,3.2015054305088433,1.150604729617495,1031.0760558388988,-1.2200000000000004,781031347.5040078,29.838288046437583,24.240363570662097,25.056860151589824,19.33215401017807,15.626694705472667,17.11472857718525,13.192683446783283,14.888832838965902,10.559530831654973,12.047564703367557,8.283545498228262,9.480081906848909,32.688788694826,13.607009315201468,7.655620741681275
C1=CC=C(C=C1)CN2C=C(C3=C2C=CC(=C3)C4=CC=C(C=C4)OC(F)(F)F)C(=O)C(=O)O,0,3.1052642958115633,1.7565841125485033,1292.826110899758,-4.0699999999999985,15993899.755663939,22.88010440969448,16.46572576207087,16.46572576207087,15.209328555120099,9.517396746175072,9.517396746175072,7.094659699855929,7.094659699855929,4.93692985276231,4.93692985276231,3.532843434973572,3.532843434973572,21.17306849765263,8.221295880281774,4.487025300862018
COC1=C(C=C(C=C1)N(C(C2=CC=CS2)C(=O)NCCC3=CC=CC=C3)C(=O)CCl)Cl,1,3.314389171577695,1.891542716613662,1012.9257611365811,-2.539999999999999,12446605.201365836,22.21696770287794,16.885659277209022,19.214013750173656,15.045243855508332,9.614172811917733,11.406312580006704,6.660802515107315,8.314536191922802,4.6715165744753975,6.1202442254960685,3.198523702900726,4.3919778329502135,23.130028268670063,11.184629880560694,5.787054882035038
O=C(O[Na])C(Cl)Cl,0,1.6457113704075785,3.3530759537985286,74.09004635215048,1.05,27.977093296928835,5.8618073195657985,3.6497757961358066,7.161633688172715,3.1807392125526213,1.5416074959945238,3.2309756378662198,0.8238562390810055,2.3283691890907114,0.37935862480604093,1.138075874418123,0.08908708063747481,0.8017837257372733,8.050000000000002,3.982062806218897,3.6173758865248233
O=C(CCCCCCC(=O)Nc1ccccc1)NO,1,2.43021074012854,2.0326612681537655,392.93736710495426,-1.8799999999999997,18362.67235241125,13.924438962994,10.893102209495101,10.893102209495101,9.21954535281284,6.499645471923348,6.499645471923348,4.363395035452541,4.363395035452541,2.7399240433905256,2.7399240433905256,1.7255431762256637,1.7255431762256637,15.178411214953275,9.103589516578463,7.205209337695133
C=CCn1c(=O)c2cnc(Nc3ccc(N4CCN(C)CC4)cc3)nc2n1-c1cccc(C(C)(C)O)n1,1,3.1540630319860554,1.4975485220918536,1475.3063340990172,-4.02,241184185.4197905,26.156125291633362,21.424750164289446,21.424750164289446,17.740533306307345,12.34729929448778,12.34729929448778,9.820872767674635,9.820872767674635,6.547659389897677,6.547659389897677,4.439902392278441,4.439902392278441,24.66458181684164,9.794347261520059,4.979011598970955
C=Cc1c(C)c2cc3nc(cc4[nH]c(cc5nc(cc1[nH]2)C(C)=C5CCC(=O)O)c(CCC(=O)OC)c4C)[C@@]1(C)C3=CC=C(C(=O)OC)[C@H]1C(=O)OC,0,3.7912372007629576,1.7756558465133851,2373.1412216916788,-6.04,446941799427.19257,38.35227771433999,30.85371487919666,30.85371487919666,25.261043567441398,17.218894947262676,17.218894947262676,13.518851069928925,13.518851069928925,10.71398375138261,10.71398375138261,7.6831001336130305,7.6831001336130305,36.74090447972948,14.173973816182102,6.276152338423703
Cc1ccc(F)c(NC(=O)Nc2ccc(-c3cccc4[nH]nc(N)c34)cc2)c1,0,3.065715574808105,1.5242046044083266,1167.3584609865861,-3.869999999999999,3147705.072140773,19.672997628507925,15.084279320058936,15.084279320058936,13.50804039084698,8.682413124446112,8.682413124446112,6.476755917219902,6.476755917219902,4.441239977630858,4.441239977630858,3.0910377610221333,3.0910377610221333,17.539168480547648,7.033963998390729,3.372130349072744
CC(C)Cc1ccc([C@@H](C)C(=O)NS(C)(=O)=O)cc1,0,2.2566775454820664,2.774328746627061,532.314433788333,-1.3599999999999999,9135.030704111405,14.629392033067417,11.804201558179756,12.620698139107482,8.687359167265484,6.292399877122619,8.183811415180873,5.299718825336516,7.048174024520265,2.802940431068779,3.3749157064984687,1.8362883025731138,2.3785158880097566,15.69668934240363,6.191427298901629,5.424996142435401
O=C(O)CNC(=O)C1C(=O)N(C2CCCCC2)C(=O)N(C2CCCCC2)C1=O,0,2.6775903602324824,1.8954194785651832,626.5801141704751,-2.4499999999999997,1883567.0044477012,20.25878406613483,15.893107639440094,15.893107639440094,13.413591357920936,10.111177841230313,10.111177841230313,7.827277399345809,7.827277399345809,5.936655855118177,5.936655855118177,4.528217928788418,4.528217928788418,20.288535116814504,8.704430132927165,4.024338412526118
NC(=O)c1ccc(I)c([N+](=O)[O-])c1,0,2.035589482137545,3.267052212361692,378.00044607215614,-1.1800000000000002,675.8157080696649,10.008071689507773,6.359324016659278,8.5168223078356,6.019744507803582,3.258570557464034,4.337319703052195,2.2875512988020845,3.449741981189569,1.4273491329537848,2.339555878300369,0.8058485577803751,1.3382958564194394,9.90460236886633,3.688062340144865,2.142679086551924
CNC(=O)c1ccccc1Oc1nc(Nc2cc(OC)c(OC)c(OC)c2)ncc1Br,0,2.798631633505394,1.91826625192732,1068.1103974737541,-3.5300000000000007,8942803.494335806,22.38010440969447,17.35508500065584,18.941081539770543,14.998263558141648,9.088217204448583,9.881215474005934,6.063059973801528,6.917396872976049,4.19818347572761,4.742124646119528,2.7476922288007652,3.0196628139967236,22.161863229231635,9.984900937682674,4.9703423636321045
CC[C@@H]1C(=O)N(C)c2cnc(Nc3ccc(C(=O)NC4CCN(C)CC4)cc3OC)nc2N1C1CCCC1,0,3.4619111225168075,1.3751490134613775,1175.0323748374883,-3.4000000000000004,527411995.3443799,26.81082583001261,22.86622576389768,22.86622576389768,18.388580448408856,13.766148413937493,13.766148413937493,10.660381752715919,10.660381752715919,8.176123700406778,8.176123700406778,5.921149623901018,5.921149623901018,26.21682192810546,11.1465794303837,5.137663190323479
CNC(=O)c1ccc(Nc2ncc(C(F)(F)F)c(NCc3nccnc3N(C)S(C)(=O)=O)n2)cc1,0,2.809258065265925,1.8792012268802962,1317.9353349698347,-4.010000000000001,33542810.98804941,25.80275414050484,18.751513223896854,19.56800980482458,16.396215279046704,9.909160169779952,11.757471789044455,7.145808130366458,9.159570886696327,4.695443321021545,5.863316225036969,2.834380198342308,3.301034218831547,25.610017584576728,10.085713401532075,6.316332677568761
COc1ccc(/C=C/C(=O)c2c(O)cc(OC)cc2OC)cc1,0,2.586769635333748,2.271409810487484,716.9369584038095,-2.9499999999999997,149070.36054501325,16.819626477379405,13.199008910872418,13.199008910872418,11.083248657969115,6.901599596017425,6.901599596017425,4.694527375683211,4.694527375683211,3.2998464587861633,3.2998464587861633,2.0729439360693838,2.0729439360693838,16.421020249265126,7.354567174525494,3.8250262898427105
CCC[C@H](Nc1nc(-c2ccc(NC(=O)NCC)c(OC)c2)ncc1C)c1cccnc1,0,2.8082486787629968,1.8801273614191567,1041.9143586540827,-3.6799999999999997,15515675.047117993,22.924074484064484,18.975610133693877,18.975610133693877,15.549575153157903,10.786005098202697,10.786005098202697,7.396702726889851,7.396702726889851,4.9920530279154365,4.9920530279154365,3.345863988434708,3.345863988434708,22.993032073015367,11.084901521803712,5.718653265110912
O=C(NOCC1CC1)c1ccc(F)c(F)c1Nc1ccc(I)cc1Cl,0,3.3808191944991313,1.8462304222577437,815.4751232376426,-1.4499999999999997,719742.5983169201,17.97432701575866,12.913776431662033,15.82720366885681,11.952397498181153,7.576314716704264,9.033028335301653,5.718662682682426,7.37149502860984,3.711091207348236,4.694791319162623,2.1521487178108805,3.055220835178129,18.344344384404163,7.839102310984525,4.589796558949588
Nc1ccn([C@@H]2O[C@H](CO)[C@@H](O)C2(F)F)c(=O)n1,0,2.5183619408733295,2.4191219777016335,506.83126955905954,-1.58,10211.95767024135,13.499635521070495,9.032488305270315,9.032488305270315,8.374245891192093,5.044753463050231,5.044753463050231,3.8710878934285597,3.8710878934285597,2.663557921514029,2.663557921514029,1.7228616480990466,1.7228616480990466,12.866060785008985,4.264616604979357,1.8546532535041447
C#Cc1cccc(Nc2ncnc3cc(OCCOC)c(OCCOC)cc23)c1,0,2.7455759043014254,1.9569167353908146,1001.0042022970773,-3.34,4235838.812669483,20.476480726871785,16.474649631118567,16.474649631118567,14.24504470051759,9.107799662785105,9.107799662785105,6.071032106686076,6.071032106686076,4.082844815672017,4.082844815672017,2.6826134594313507,2.6826134594313507,20.395692002202136,10.271588954277956,5.347720173143325
CCC1=C[C@@H]2C[N@](C1)Cc1c([nH]c3ccccc13)[C@@](C(=O)OC)(c1cc3c(cc1OC)N(C)[C@H]1[C@@](O)(C(=O)OC)[C@H](OC(C)=O)[C@]4(CC)C=CCN5CC[C@]31[C@@H]54)C2.O=C(O)[C@H](O)[C@@H](O)C(=O)O.O=C(O)[C@H](O)[C@@H](O)C(=O)O,0,4.059325242034064,3.6506058050773156e-07,2830.583065152317,-6.930000000000001,2.6480449312210056e+16,56.85191323541045,43.53620994800454,43.53620994800454,36.31300245333564,24.91476381326961,24.91476381326961,20.311258053203282,20.311258053203282,16.37002779737714,16.37002779737714,13.384970032783396,13.384970032783396,57.767582998396875,21.833726830491766,9.270682454900456
c1ccc(NCc2ccc(CNc3ccccn3)cc2)nc1,0,2.607904967822694,1.5167679230796751,618.7975233359538,-2.8799999999999994,184431.0393244209,15.037323138116365,12.236843983648525,12.236843983648525,10.898979485566358,7.27654241160292,7.27654241160292,4.953559163206195,4.953559163206195,3.3000189930753767,3.3000189930753767,2.0948648446549907,2.0948648446549907,14.073964359504131,7.220817083039654,4.055581927232843
C/C(=C\c1csc(C)n1)[C@@H]1C[C@@H]2O[C@]2(C)CCC[C@H](C)[C@H](O)[C@@H](C)C(=O)C(C)(C)[C@@H](O)CC(=O)N1,0,3.2229563369811096,1.8543203562410289,957.1230007270576,-1.6100000000000003,31391201.521522895,26.12902755413791,22.128970007805073,22.9454665887328,16.240743738315413,12.72238070155946,13.602033512814357,11.409344919319016,12.471571916408967,8.070681879624837,8.862423637301482,5.190043765562129,5.7602054252646795,27.9690161555879,10.788360786352277,6.586905539578758
CO/C1=C\C(C)=C\[C@@H](C)[C@@H](O)[C@@H](C)C/C(C)=C/C=C/[C@H](OC)[C@@H]([C@@H](C)[C@@H](O)[C@H](C)[C@@]2(O)C[C@@H](O)[C@H](C)[C@@H](C(C)C)O2)OC1=O,0,2.960117718881338,2.521614477567298,1062.4173062175757,-2.0100000000000002,1221334618.894669,33.51577890008603,28.55926397291588,28.55926397291588,20.46435837744701,15.93006766278252,15.93006766278252,13.562944847197697,13.562944847197697,9.496595601519676,9.496595601519676,6.539504308748845,6.539504308748845,38.173925450240496,16.521044838345134,9.501375476503888
C1C2CC3CC1CC(C2)(C3)OCCN4CC5=CC6=C(C=C5OC4)OCO6,0,3.052851982284332,1.0769313298047014,682.9235703115247,-1.46,2393762.6092730206,17.13961743368832,15.245132696355565,15.245132696355565,12.745846038317024,10.163029132284606,10.163029132284606,9.088200046383285,9.088200046383285,7.150100965956584,7.150100965956584,6.4135412354830645,6.4135412354830645,15.583553397639912,5.766711560044893,2.590304909311883
CCN(CC)C(=S)SSC(=S)N(CC)CC,1,2.2924875731149372,4.041784405967148,200.8589190857419,0.4799999999999999,2714.3052865680856,12.55204176387779,10.355847477601559,13.621833801312464,7.599284072575288,5.5237150319078925,8.490041527096679,3.0430618966044296,6.440025306611316,2.2275241501885508,5.9590137618538765,1.140309120830211,4.199059082202097,16.48,9.503950075898128,5.702690372404801
CC(C)CC(NC(=O)C(Cc1ccccc1)NC(=O)c1cnccn1)B(O)O,1,2.6752263701822323,2.1619332305440584,759.0436469670761,-2.7750649350649352,1408881.2155927708,20.518297090128673,15.947767755576168,15.947767755576168,13.363081100704115,9.13789914488264,9.13789914488264,6.964666142522541,6.964666142522541,4.113162282885618,4.113162282885618,2.7539669302795877,2.7539669302795877,21.524172160754688,10.531039362336648,6.750183039885146
C[C@@H](O[C@H]1OCCN(Cc2nc(=O)[nH][nH]2)[C@H]1c1ccc(F)cc1)c1cc(C(F)(F)F)cc(C(F)(F)F)c1,0,3.228143347200202,1.66329452167776,1238.5746842143203,-3.229999999999998,118959626.12128504,26.957454678884098,19.159746408912003,19.159746408912003,17.3077002193691,11.005655008747041,11.005655008747041,8.437221439167502,8.437221439167502,5.844079414047732,5.844079414047732,4.072273206853967,4.072273206853967,26.82234125589696,10.262970547743883,6.373734780071109
C#Cc1cccc(Nc2ncnc3cc(OC)c(OCCCCCCC(=O)NO)cc23)c1,0,2.827046316240655,1.6889884625568774,1110.839788510608,-3.83,17042413.352324087,22.760937777247957,17.92782849852776,17.92782849852776,15.638891550634943,10.364810302111987,10.364810302111987,7.140289276193274,7.140289276193274,4.893155694930189,4.893155694930189,3.2386216165985995,3.2386216165985995,22.84628043890938,11.531702247648143,6.091559355594569
Cc1ncc([N+](=O)[O-])n1CCOC(=O)NC(Nc1ncccn1)C(Cl)(Cl)Cl,0,2.9545553502922624,1.9239906872018568,796.9510272741982,-2.3699999999999997,777568.0588685165,20.026733258565955,13.80391946670415,16.071706304759516,12.680559115991947,7.382850933046742,8.516744352074422,5.043976874169461,7.412916259163153,3.1978647624014753,3.852518433109453,1.9699891994731118,2.2973160348270993,20.936044982096885,9.01901257001175,6.083396102793078
Cc1sc2c(c1C)C(c1ccc(Cl)cc1)=N[C@@H](CC(=O)OC(C)(C)C)c1nnc(C)n1-2,0,3.136391080689446,1.9117719569262777,1185.6200271680298,-2.51,7395095.80012848,22.499271042140986,18.485421853535325,20.057847380481505,14.547532512571626,10.131286659609174,11.325747713546125,8.695187701611202,10.334818394077903,5.13718083431374,6.5815770819494945,3.6735557024948813,5.013481025908738,21.711838887695,7.875964479640198,4.1645149926435225
O=C(N/N=C/c1ccc(O)c(O)c1)c1cc2ccccc2cc1O,0,2.5700115331026563,1.7807512671874581,950.9016674152468,-3.539999999999999,298062.22757464676,17.10408352775558,12.470605364359956,12.470605364359956,11.541713895658194,7.115510039855285,7.115510039855285,5.163785952128422,5.163785952128422,3.487836717705157,3.487836717705157,2.256571573226654,2.256571573226654,15.35931323441139,6.293745803641356,3.1214774061270494
CNC1=CC=CC(=N1)CCOC2=CC3=C(CC(C(=O)N(C3)CC(F)(F)F)CC(=O)O)C=C2,0,2.834071023843082,1.7483922904681355,981.1336681543063,-3.2999999999999994,9234766.58384323,23.30275414050485,17.484371648365812,17.484371648365812,15.141180207698236,10.099866478895825,10.099866478895825,7.601530895645078,7.601530895645078,5.147164437237092,5.147164437237092,3.6849130515194797,3.6849130515194797,23.364940742076836,9.882964731318406,6.349744895203596
CCNC(=O)CC1C2=NN=C(N2C3=C(C=C(C=C3)OC)C(=N1)C4=CC=C(C=C4)Cl)C,0,3.0623577803921025,1.9557445667314508,1121.056618104041,-3.189999999999999,7633122.758525261,21.25034789769755,17.01633115182689,17.772260097845344,14.511570350697117,9.725856557869651,10.103821030878878,6.981929810164519,7.418365590636504,5.002957228383927,5.254933543723412,3.62177561716467,3.7477637748344126,20.097816238840622,8.277420660932298,3.6815276611729106
CC(C)NCC(O)COc1ccc(CCOCC2CC2)cc1.Cl,0,3.3261894973602577,2.6449969249037883e-06,420.7798038805983,-0.81,159417.61022948244,15.7862462825598,14.163157819524764,14.97965440045249,10.631030293135234,8.341439550289378,8.341439550289378,6.440017750036086,6.440017750036086,3.7130142704943285,3.7130142704943285,2.0999673311112255,2.0999673311112255,20.235065344749888,10.869597008139545,9.158254672432955
Cc1cc(Nc2cc(Cl)nc(Oc3ccc([N+](=O)[O-])cc3)n2)n[nH]1,0,2.919387829653034,1.7879916739761155,880.4712218986361,-3.2,320560.46124722174,17.10408352775558,12.355665341538405,13.11159428755686,11.491203638441371,6.753694226313612,7.1316586993228395,4.772753263222119,5.160002004403815,2.893118258781406,3.086742629372254,1.8610432402841162,2.0366924417585808,15.686426592797785,6.504788816180845,3.760379788389183
Cc1nc(Nc2ncc(C(=O)Nc3c(C)cccc3Cl)s2)cc(N2CCN(CCO)CC2)n1,0,3.2507560434609006,1.431592912890649,1111.4321707155357,-2.789999999999999,33876609.84080048,23.371668241257186,18.507134660004112,20.079560186950292,15.92305529101951,10.658603284189198,11.853064338126151,7.751415202594919,9.189264211261888,5.361898965339837,6.588407717104564,3.6317796715737853,4.6192622916178205,23.370935025991837,10.429649853029732,5.772233374483719
CC(C)NCC(O)COc1cccc2ccccc12.Cl,0,2.4242917581827936,1.9999986018343527e-06,525.3707285845835,-1.2899999999999996,22327.72709286353,13.664925939000156,11.874076161507414,12.69057274243514,9.16470379794645,6.685791019114888,6.685791019114888,5.0050612108958275,5.0050612108958275,2.9425786417040287,2.9425786417040287,1.9381932675812228,1.9381932675812228,16.763447354355957,8.098898761038816,4.672222498400051
CNC(=O)C1=CC=CC=C1NC2=CC(=NC=C2C(F)(F)F)NC3=C(C=C(C=C3)N4CCOCC4)OC,1,2.884858167059607,1.6550935535332982,1229.8019345863534,-3.9899999999999993,112272910.14562578,25.708531534440652,19.77764502887201,19.77764502887201,17.295374861173737,11.230071121598638,11.230071121598638,7.971601235482461,7.971601235482461,5.7015335102772005,5.7015335102772005,3.862315106524907,3.862315106524907,25.11336941312153,10.733048949545008,5.6244779323062835
COc1cc2c(cc1-c1c(C)noc1C)ncc1[nH]c(=O)n([C@H](C)c3ccccn3)c12,0,3.302534323282648,1.8197550806235654,1460.9535828828107,-3.94,18454271.17548299,21.69794165489025,17.63240140690843,17.63240140690843,14.990402300641945,9.943901781339408,9.943901781339408,7.520023520733353,7.520023520733353,5.667905139428234,5.667905139428234,4.1898336831975636,4.1898336831975636,19.049067127620802,7.085475680714683,2.905207400715889
CC(C)C[C@@H](NC(=O)[C@@H](Cc1ccccc1)NC(=O)[C@H](N)Cc1ccccc1)C(=O)N[C@H](CCCCN)C(=O)N1CCC(N)(C(=O)O)CC1.O=C(O)C(F)(F)F,1,3.13922020190242,1.4075502631830211e-06,1590.6258843097357,-5.070000000000001,397208334842.50946,42.05346651713188,31.595503386776016,31.595503386776016,26.265800978128667,18.32747296486232,18.32747296486232,14.172956501933191,14.172956501933191,9.08820691347029,9.08820691347029,5.856656331209546,5.856656331209546,47.08257025290195,22.474993274685733,15.957161023319903
Cc1ccc(C(=O)N(CCCN)[C@@H](c2nc3cc(Cl)ccc3c(=O)n2Cc2ccccc2)C(C)C)cc1,0,2.8833763714586493,1.9286690328884086,1432.1878455520289,-3.479999999999999,174365427.4297471,26.52636877963644,21.52478300302741,22.280711949045866,17.79493275328225,12.614514304145212,12.992478777154439,9.704024514503123,10.14046029497511,6.524718236205782,6.759815338993521,4.6439069917834415,4.810250546824737,26.57930042983845,11.713145004347528,5.921947922766244
Nc1ccccc1NC(=O)c1ccc(CNc2nccc(-c3cccnc3)n2)cc1,0,2.8016874872087927,1.3837538013025015,1145.713731641191,-4.26,9771299.761388771,20.760937777247953,16.117249895994675,16.117249895994675,14.686673185801062,9.410066001524697,9.410066001524697,6.59903972677601,6.59903972677601,4.488622196654966,4.488622196654966,2.8793358111424094,2.8793358111424094,19.073676195623275,8.828875628170932,4.585733230393291
CC(C)[C@H]1C(=O)N[C@@H](CCCNC(=N)N)C(=O)NCC(=O)N[C@@H](CC(=O)O)C(=O)N[C@H](Cc2ccccc2)C(=O)N1C.O=C(O)C(F)(F)F,0,2.993151846195028,1.5399994486436129e-06,1361.9483996333986,-5.4300000000000015,8534788446.504403,37.473962536829134,26.92676588697977,26.92676588697977,22.736884884004716,14.822678979986428,14.822678979986428,11.171426739440172,11.171426739440172,6.876359772307623,6.876359772307623,4.605930605273508,4.605930605273508,41.5929515721827,19.405524790134304,14.902027711079967
CC(C)CCn1c(CN2CCN(C(=O)C3CC3)CC2)nc2c1c(=O)n(C)c(=O)n2C,0,3.51225940506489,1.6111683777051442,1067.0679116049728,-2.42,8603855.423248878,21.576621311330616,18.42668801344952,18.42668801344952,14.273764703227075,10.938301337505475,10.938301337505475,9.115872840001442,9.115872840001442,6.332668251156987,6.332668251156987,4.155305309890228,4.155305309890228,20.836715063171532,8.015988555818224,3.82316683456954
CN1CCc2cc(Nc3ncc(C4CC4)c(NCCCNC(=O)C4CCC4)n3)ccc2C1,0,3.576955412237622,1.1877314981159075,968.8996465221223,-2.67,34421700.09175849,21.915638315627206,18.992165285153515,18.992165285153515,15.652999680989849,12.114078555488232,12.114078555488232,9.567288543857364,9.567288543857364,6.920961198494479,6.920961198494479,4.508517551234338,4.508517551234338,21.190177016801588,9.446106309775299,5.0372722114547175
Cc1ccc(=O)n(-c2ccccc2)c1,0,2.2295928748411127,2.6265243874423194,485.17495788858764,-1.8299999999999992,2104.7356738500102,9.966255326250886,7.97426403948083,7.97426403948083,6.770856947829097,4.519578970119783,4.519578970119783,3.250238829611011,3.250238829611011,2.0933342542266082,2.0933342542266082,1.3836954263254397,1.3836954263254397,8.754379606904399,3.499332613254203,1.5929698524109863
Cl.N[C@H](Cc1c[nH]c2ccccc12)C(=O)N/N=C/c1ccc2nccnc2c1,0,3.1050405507312178,2.24999702650402e-06,1139.6762921439536,-3.2899999999999996,2555296.2262648065,18.63961743368832,14.870797648079288,15.687294229007014,13.20350993820667,8.54809423472862,8.54809423472862,6.208860610132653,6.208860610132653,4.333258983015796,4.333258983015796,2.9440642995889172,2.9440642995889172,19.470991954154616,8.599095211604197,4.1624550826109905
O=c1c(-c2ccc(O)cc2)coc2cc(O[C@@H]3O[C@H](CO)[C@@H](O)[C@H](O)[C@H]3O)ccc12,0,2.7499986174505677,1.6182381879820489,1089.822503007,-2.9499999999999997,6365696.799674574,21.413484604514085,15.58172142000693,15.58172142000693,14.384249150759295,9.209270545436672,9.209270545436672,6.998469099064398,6.998469099064398,5.025067919565462,5.025067919565462,3.321052851052292,3.321052851052292,20.327958809637845,8.05440748410017,3.644749707726645
CC1=CC(=CN=C1C2=CC(=NC=C2)C)CC(=O)NC3=NC=C(C=C3)C4=NC=CN=C4,0,2.747894546398699,1.4205756538171512,1175.9478708558142,-3.9999999999999996,8020246.837839325,20.924074484064484,16.702276010236087,16.702276010236087,14.580520035918415,9.491602801849494,9.491602801849494,6.942689331822483,6.942689331822483,4.559579058871398,4.559579058871398,3.164655340698866,3.164655340698866,19.322235434007133,8.566329565734682,4.519757920968316
CC(=NNc1c(Cl)cc(Cl)cc1Cl)c1cc(Cl)ccc1O,0,2.3963575114744704,2.309715068324124,693.1104623189424,-1.1300000000000001,40460.10022373496,15.568549621822843,10.793036428984955,13.816752213058775,9.87991785310972,5.819483749360229,7.331341641397138,4.214922950382027,5.902194764807209,2.6906789827586812,3.740176339027633,1.6470451630425522,2.720641242768078,16.244141702266685,6.753836766597899,3.950533874985298
CC1=C(C(=O)Nc2cc3cn[nH]c3cc2F)C(c2ccc(C(F)(F)F)cc2)CC(=O)N1,0,3.1365000591151633,1.6734974205288717,1212.3379373533016,-3.6899999999999986,8908889.675910236,22.336134335324456,16.10147700316815,16.10147700316815,14.630048858775128,9.249877752246205,9.249877752246205,7.2067602793365175,7.2067602793365175,5.129954647414823,5.129954647414823,3.6442057206445964,3.6442057206445964,20.577448506638923,7.530073968067981,4.004748646380906
CCOc1cc2ncc(C#N)c(Nc3ccc(OCc4ccccn4)c(Cl)c3)c2cc1NC(=O)/C=C/CN(C)C,0,2.9354774906570857,1.6436705717042663,1567.7562393853873,-4.649999999999999,786267411.0343012,28.484552416379554,22.4410873002358,23.197016246254258,19.371743696003254,12.58757968060434,12.965544153613568,8.99102092047252,9.398221047213125,5.690173057710676,5.985542622927713,3.8320476178296907,4.06714472061743,28.36038775159828,13.422999387785037,7.256905662790078
C=C(C)[C@@H]1CC[C@]2(C(=O)O)CC[C@]3(C)[C@H](CC[C@@H]4[C@@]5(C)CC[C@H](O)C(C)(C)[C@@H]5CC[C@]43C)[C@@H]12,0,3.1293786579500087,1.5651917176450345,860.6030229407056,-0.8300000000000001,18890622.573240202,24.18986996538248,22.04495168965356,22.04495168965356,15.255160827992318,13.824559372033201,13.824559372033201,14.52287890325912,14.52287890325912,13.472202448686204,13.472202448686204,11.50172808891443,11.50172808891443,23.89063250911185,7.109935629798443,2.7520231225622642
Cc1c(F)cccc1NC(=O)Nc1ccc(Cl)c(S(=O)(=O)[C@H]2CCCNC2)c1O,0,2.681968713913571,1.8650658963333246,1039.9900366369425,-2.3599999999999994,2465061.8122070967,21.1814337969452,15.628664443257811,17.20108997020399,13.713251186443054,9.007159055445445,10.931443006376231,6.777567781821872,9.34970140236956,4.822544102698533,7.5118992823522,3.1881944920850644,5.53017430145506,21.351295683655316,8.56179915449032,4.466491130422292
Cc1nc(Nc2n[nH]c3c2CN(C(=O)N[C@H](CN(C)C)c2ccccc2)C3(C)C)c2sccc2n1,0,3.497443807915761,1.3960236463645395,1360.5691844069138,-3.4999999999999987,100167979.78960209,24.741911729260266,20.58558027431762,21.402076855245348,16.735220574297664,11.581531676590672,12.461184487845566,9.625324241357436,10.541440319192724,6.41466230078264,7.325017476802842,4.633288554592082,5.409047856664296,23.25163658004364,8.936158572510731,4.346059383360379
Nc1ccccc1NC(=O)c1ccc(CNC(=O)OCc2cccnc2)cc1,0,2.732363189298231,1.478006419470333,943.3792237650929,-3.8699999999999997,2535239.5793695,19.769373945685235,15.091725528729782,15.091725528729782,13.614193540729628,8.659515066251402,8.659515066251402,6.029257578093961,6.029257578093961,3.954686734060978,3.954686734060978,2.436944184038165,2.436944184038165,18.90731100744621,9.17872083025522,5.311552662516531
C1=CC(=C(C=C1I)F)NC2=C(C=CC(=C2F)F)C(=O)NOCC(CO)O,0,2.603160897577794,2.268140013120252,807.3045902838311,-1.8900000000000001,477877.86493374105,19.267220234572108,13.101096841475403,15.258595132651724,12.328606258093464,7.242493082004401,8.321242227592561,5.111684701808341,6.35731692099515,3.1816013543081474,3.8525924576342376,1.898677783142047,2.3518745161271553,20.422254118517316,9.164647634269185,5.063969644015104
CC(C)CCN1c2nc(Nc3cc(F)c(O)c(F)c3)ncc2N(C)C(=O)C1C,0,2.636385664389637,1.9570365357646808,882.8829904713616,-2.9700000000000006,1378439.5173974505,20.585057479767894,16.201210122303333,16.201210122303333,13.184448305750033,9.04952524910375,9.04952524910375,7.2650997178683445,7.2650997178683445,4.759297008167522,4.759297008167522,3.0539844483938205,3.0539844483938205,19.782277959746295,7.570744902361558,3.6908288496034194
CC(=O)N1CCCC1C(=O)NC(CC2=CN=CN2)C(=O)NC(CO)C(=O)NC(CS)C(=O)NC(CC(=O)N)C(=O)N,0,3.6102026268899534,2.1111343481070177,1132.36887062238,-4.190000000000001,611693158.5815907,30.689505486452976,22.29249230625934,23.186919497259257,19.369518815952222,12.62688076490393,13.259336296937606,9.334059924468134,9.699208296138243,6.268137786909811,6.6332861585799225,4.138695247705866,4.395805032790916,33.018786243890844,15.558940951941524,9.745645721303111
Cc1ccc(Sc2cncc3sc(C(N)=O)cc23)cc1,0,2.8656680372786623,2.022195356027534,778.1727792424293,-1.8499999999999996,55502.25854601313,14.11251969619286,10.790760620408555,12.423753782264008,9.631030293135236,6.051761383673964,7.684754545529416,4.4394625454009615,6.6385945735381995,2.901484259099106,5.038772164945888,1.8718145234734425,3.7616139285518484,13.14785110431072,5.26419610519905,2.5468813179678063
O=C1Nc2cc(Br)ccc2/C1=C1/Nc2ccccc2/C1=N\O,0,3.020862086989717,1.95665977934958,886.7096989957978,-2.5999999999999996,202452.13534587686,15.267220234572113,11.222091838800388,12.808088377915094,10.685871848001629,6.632097320388735,7.425095589946087,5.013220451687644,5.928895980479334,3.7548726802420855,4.248124318959125,2.8051424132377467,3.1662276736952264,13.090051020408161,4.707598702001081,1.7713757967569526
CCN1CCN(Cc2ccc(NC(=O)c3ccc(C)c(NC(=O)c4cncc(-c5cccs5)c4)c3)cc2C(F)(F)F)CC1,0,3.541701879251411,1.2936373624648247,1599.0436389063252,-4.059999999999999,4610227541.997287,30.561902685569173,23.871122994313946,24.687619575241673,20.600706651613482,13.975556036046228,14.855208847301123,10.457636446984695,11.405330639983566,7.533300263388797,8.45223678470961,4.997847791296843,5.706439229956322,30.39950556760888,13.06885777295933,7.480438762260268
COc1cc2ncnc(Nc3ccc(F)c(Cl)c3)c2cc1OCCCCCOCCOCCC(=O)N[C@H](C(=O)N1C[C@H](O)C[C@H]1C(=O)NCc1ccc(-c2scnc2C)cc1)C(C)(C)C,0,3.9031216256876813,0.8639329927873346,2398.9751077577534,-5.459999999999999,162526367913353.2,46.51128567494547,37.32616839012246,38.898593917068645,31.209767556894093,21.595892170675228,22.853509454939342,16.824343502309553,18.08631269058743,10.850542853700833,12.117823584983784,7.311983219267685,8.304179528025875,48.98423662717989,23.129732868921362,13.545434908332517
C[C@@H]1O[C@@H](Oc2c(-c3ccc(O)c(O)c3)oc3cc(O)cc(O)c3c2=O)[C@H](O)[C@H](O)[C@H]1O,0,2.7304460943102877,1.921103948331954,1234.6234916612864,-3.5100000000000002,11201188.195625829,23.317108287336776,16.536991022251417,16.536991022251417,15.078295155867389,9.496045234970472,9.496045234970472,7.430180187394587,7.430180187394587,5.197657210574613,5.197657210574613,3.456904759855618,3.456904759855618,21.711838887694995,7.875964479640196,3.5643226129081684
