SMILES,label,qed,MolWt,HeavyAtomMolWt,ExactMolWt,NumValenceElectrons,NumRadicalElectrons,MaxPartialCharge,MinPartialCharge,MaxAbsPartialCharge,MinAbsPartialCharge,TPSA,HeavyAtomCount,MolLogP,MolMR
Cl.Cl.N[C@@H](Cc1ccc([N+]([O-])(CCCl)CCCl)cc1)C(=O)O,0,0.40351479346588226,394.1260000000001,373.9660000000002,392.02280321999996,128,0,0.32031550189568714,-0.6272731413673123,0.6272731413673123,0.32031550189568714,86.38000000000001,22,2.7673000000000005,96.58820000000003
CC1CCCC2(C(O2)CC(OC(=O)CC(C(C(=O)C(C1O)C)(C)C)O)C(=CC3=CSC(=N3)C)C)C,0,0.4486891198616772,507.6930000000002,466.3650000000003,507.265459032,196,0,0.3085519962517562,-0.45764751221759226,0.45764751221759226,0.3085519962517562,109.25,35,4.477520000000004,135.87459999999996
CC(=O)N(O)CCCCCNC(=O)CCC(=O)N(O)CCCCCNC(=O)CCC(=O)N(O)CCCCCN.CS(=O)(=O)O,0,0.03417063312808434,656.8000000000003,604.3840000000004,656.3414774840002,258,0,0.26142732314937295,-0.3560941860761987,0.3560941860761987,0.26142732314937295,260.21,44,0.42610000000000686,158.73989999999984
CC(C)CC(NC(=O)CNC(=O)c1cc(Cl)ccc1Cl)B1OC(=O)C(CC(=O)O)(CC(=O)O)O1,1,0.31847047894792313,517.1270000000003,493.9430000000003,516.0873660759999,184,0,0.5517419421396158,-0.5060698347644298,0.5517419421396158,0.5060698347644298,168.32999999999998,34,1.5430999999999993,120.34850000000007
CCc1nc(-c2cccc(C)c2)c(-c2ccnc(NC(=O)c3ccccc3)c2)s1,0,0.4480056375508333,399.51900000000006,378.35100000000017,399.140533292,144,0,0.25631199238285046,-0.30654822154342637,0.30654822154342637,0.25631199238285046,54.88,29,5.995220000000004,119.29120000000002
Cn1cnc2c(F)c(Nc3ccc(Br)cc3Cl)c(C(=O)NOCCO)cc21,0,0.38928565430938894,457.68700000000024,442.5670000000003,456.00000833999997,142,0,0.2766399106285005,-0.3938743824839998,0.3938743824839998,0.2766399106285005,88.41000000000001,27,3.5256000000000016,103.61070000000004
C=CCNC1=C2C[C@@H](C)C[C@H](OC)[C@H](O)[C@@H](C)/C=C(\C)[C@H](OC(N)=O)[C@@H](OC)/C=C\C=C(/C)C(=O)NC(=CC1=O)C2=O,0,0.27059417062584445,585.6980000000002,542.3540000000004,585.305015336,230,0,0.4047040148198253,-0.43872669081654453,0.43872669081654453,0.4047040148198253,166.28,42,2.537600000000001,157.73859999999982
CC(C)(C)NCC(O)COc1nsnc1N1CCOCC1.O=C(O)/C=C\C(=O)O,0,0.41680426386933456,432.4990000000003,404.27500000000026,432.1678702359999,164,0,0.32806586375914176,-0.4780707501605797,0.4780707501605797,0.32806586375914176,154.34,29,0.21430000000000204,106.61010000000007
CCCCOCCOc1ccc(-c2ccc3c(c2)/C=C(/C(=O)Nc2ccc([S@@](=O)Cc4cncn4CCC)cc2)CCCN3CC(C)C)cc1,0,0.11122053908553067,696.9579999999999,644.5419999999999,696.3709271439999,266,0,0.2511032555129443,-0.491195461436774,0.491195461436774,0.2511032555129443,85.68999999999998,50,8.741700000000005,205.0640999999993
Cn1cnc2c(F)c(Nc3ccc(Br)cc3F)c(C(=O)NOCCO)cc21,0,0.40456998279113743,441.2320000000002,426.11200000000025,440.02955887999997,142,0,0.2766399159052412,-0.3938743824839998,0.3938743824839998,0.2766399159052412,88.41000000000001,27,3.0113000000000003,98.55870000000003
CC1(CCO)C[C@]2(CC[C@H](C(C)(C)C)CC2)OO1,1,0.7690123213501141,256.38599999999997,228.16199999999995,256.203844756,106,0,0.10644638840536447,-0.3962611414308856,0.3962611414308856,0.10644638840536447,38.69,18,3.454500000000002,71.03880000000007
CN(C)c1cccc(-c2c3c(=O)n(-c4ccccc4Cl)[nH]c3cc(=O)n2C)c1,0,0.5788919226013708,394.8620000000001,375.7100000000001,394.1196535280001,142,0,0.2808106292114846,-0.3776430701479438,0.3776430701479438,0.2808106292114846,63.03,28,3.403900000000002,113.90970000000004
CC(=O)O[C@@]12CO[C@@H]1C[C@H](O)[C@@]1(C)C(=O)[C@H](O)C3=C(C)[C@@H](OC(=O)[C@H](O)[C@@H](NC(=O)OC(C)(C)C)c4ccccc4)C[C@@](O)([C@@H](OC(=O)c4ccccc4)[C@H]21)C3(C)C.O,0,0.1456788241967126,825.9050000000002,770.4649999999999,825.35717006,322,0,0.40774710722156504,-0.4557376731538227,0.4557376731538227,0.40774710722156504,255.94999999999996,59,2.4349000000000025,207.21819999999943
COC1=C(C=C(C(=C1)N2C(=O)C3=CC=CC=C3NC2=S)Cl)Cl,0,0.6964777297438535,353.23,343.15,351.98400392,112,0,0.2662884827063041,-0.495116273282802,0.495116273282802,0.2662884827063041,47.019999999999996,22,4.363690000000002,91.30170000000001
CCn1c2ccccc2c2cc(-n3nncc3-c3ccccc3)ccc21,0,0.46069795579612516,338.41400000000004,320.2700000000001,338.153146576,126,0,0.09437554113516887,-0.34075368762399816,0.34075368762399816,0.09437554113516887,35.64,26,5.062100000000004,105.47100000000002
Cc1c2oc3c(C)ccc(C(=O)N[C@@H]4C(=O)N[C@@H](C(C)C)C(=O)N5CCC[C@H]5C(=O)N(C)CC(=O)N(C)[C@@H](C(C)C)C(=O)O[C@@H]4C)c3nc-2c(C(=O)N[C@@H]2C(=O)N[C@@H](C(C)C)C(=O)N3CCC[C@H]3C(=O)N(C)CC(=O)N(C)[C@@H](C(C)C)C(=O)O[C@@H]2C)c(N)c1=O,1,0.11786115760162932,1255.4379999999994,1168.7499999999993,1254.6284746719996,490,0,0.32896249221605184,-0.45836747529865424,0.45836747529865424,0.32896249221605184,359.97999999999996,90,0.7256400000000032,325.4772000000006
C=CCc1cccc(CNc2nc3ccccc3n2CCC)c1O,0,0.6302854469396469,321.4240000000001,298.24000000000007,321.184112356,124,0,0.20365179895613353,-0.5073011136550931,0.5073011136550931,0.20365179895613353,50.08,24,4.492500000000004,99.35850000000005
Cl.Cl.O=S(=O)(c1cccc2cnccc12)N1CCCNCC1,0,0.8862908189113247,364.29800000000023,345.14600000000013,363.05750320800007,122,0,0.24323205630283312,-0.31537037286043346,0.31537037286043346,0.24323205630283312,62.300000000000004,22,2.0623999999999993,92.48450000000003
Cc1[nH]c2ccccc2c1CCNCc1ccc(/C=C/C(=O)NO)cc1,1,0.22867159767800987,349.43399999999997,326.25000000000006,349.179026976,134,0,0.26686333796879486,-0.35839754375072086,0.35839754375072086,0.26686333796879486,77.15,26,3.3272200000000014,103.85160000000005
Cc1ccc(F)c(NC(=O)Nc2ccc(-c3cccc4[nH]nc(N)c34)cc2)c1,0,0.4098564168765686,375.40700000000015,357.2630000000001,375.14953841600004,140,0,0.32326440049127014,-0.3816932467303221,0.3816932467303221,0.32326440049127014,95.83,28,4.903620000000003,109.72050000000002
CS(=O)(=O)CCNCc1ccc(-c2ccc3ncnc(Nc4ccc(OCc5cccc(F)c5)c(Cl)c4)c3c2)o1,0,0.17947949298055937,581.0690000000002,554.8610000000002,580.1347322120001,206,0,0.14820462662281222,-0.48734392314725267,0.48734392314725267,0.14820462662281222,106.35000000000001,40,6.139100000000005,154.12419999999975
CCc1c2c(nc3ccc(O)cc13)-c1cc3c(c(=O)n1C2)COC(=O)[C@]3(O)CC,1,0.5079598280970853,392.41100000000023,372.25100000000015,392.1372217399999,148,0,0.3426763382231193,-0.5079413734197455,0.5079413734197455,0.3426763382231193,101.65000000000002,29,2.3476,105.56760000000003
CC/C(=C(\c1ccccc1)c1ccc(OCCN(C)C)cc1)c1ccccc1,0,0.4505726789966775,371.524,342.29200000000014,371.224914548,144,0,0.11890333123050092,-0.49226449447092097,0.49226449447092097,0.11890333123050092,12.47,28,5.9961000000000055,119.58200000000004
CCCCC(=O)OCC(=O)[C@]1(O)Cc2c(O)c3c(c(O)c2[C@@H](O[C@H]2C[C@H](NC(=O)C(F)(F)F)[C@H](O)[C@H](C)O2)C1)C(=O)c1c(OC)cccc1C3=O,0,0.15037535419403683,723.65,687.362,723.213874872,276,0,0.4706726934198656,-0.506847954676333,0.506847954676333,0.4706726934198656,215.21999999999997,51,2.4622,165.16289999999972
CC(=O)NC(CS)C(=O)O,0,0.49154271343709494,163.198,154.12599999999998,163.030314148,58,0,0.3265573389762101,-0.4796946683190343,0.4796946683190343,0.3265573389762101,66.4,10,-0.4945,39.093500000000006
Cc1c[nH]c2nccc(Oc3c(F)cc(Nc4cc(Cl)nc(N)n4)cc3F)c12,0,0.4271167608646694,402.7920000000001,389.6880000000001,402.0807431560001,142,0,0.2229086529304313,-0.45032736116159083,0.45032736116159083,0.2229086529304313,101.74,28,4.711020000000001,101.99980000000001
CC1=[N+](C2=C(N1CCOC)C(=O)C3=CC=CC=C3C2=O)CC4=NC=CN=C4.[Br-],1,0.34574219311312354,443.3010000000001,424.14900000000006,442.0640525680001,144,0,0.25437101136140217,-1.0,1.0,0.25437101136140217,77.96,28,-1.6518799999999974,95.68100000000003
CCN1CCN(Cc2ccc(Nc3ncc(F)c(-c4cc(F)c5nc(C)n(C(C)C)c5c4)n3)nc2)CC1.CS(=O)(=O)O,0,0.2929940242582003,602.7120000000004,566.4240000000003,602.2599144520002,226,0,0.26142732314937295,-0.3255542135970075,0.3255542135970075,0.26142732314937295,129.36999999999998,42,4.440920000000003,158.1802999999997
Cc1nc(Nc2ncc(C(=O)Nc3c(C)cccc3Cl)s2)cc(N2CCN(CCO)CC2)n1,0,0.4657173060978848,488.01700000000034,461.8090000000002,487.15572175200003,174,0,0.2669995457316883,-0.3950445481992146,0.3950445481992146,0.2669995457316883,106.50999999999999,33,3.3135400000000015,132.04670000000002
CC(C)(CC1=CC2=CC=CC=C2C=C1)NCC(COC3=C(C(=CC=C3)Cl)C#N)O,0,0.5658359244116322,408.92900000000014,383.72900000000016,408.16045572,150,0,0.13822635307899597,-0.48939771798528675,0.48939771798528675,0.13822635307899597,65.28,29,4.715480000000005,117.40250000000003
O=S(=O)(NCCSSCCNS(=O)(=O)c1cc(Cl)ccc1Cl)c1cc(Cl)ccc1Cl,0,0.29403010835754545,570.3940000000001,554.2660000000003,567.8747017119999,166,0,0.2416279884290606,-0.21024494339002084,0.2416279884290606,0.21024494339002084,92.34,30,4.938400000000003,128.21699999999998
C[C@H]1O[C@@H](O[C@H]2[C@@H](O)C[C@H](O[C@H]3[C@@H](O)C[C@H](O[C@H]4CC[C@@]5(C)[C@H](CC[C@@H]6[C@@H]5C[C@@H](O)[C@]5(C)[C@@H](C7=CC(=O)OC7)CC[C@]65O)C4)O[C@@H]3C)O[C@@H]2C)C[C@H](O)[C@@H]1O,1,0.16221462387574467,780.9490000000002,716.4370000000002,780.4296067280001,312,0,0.33066101375082235,-0.4579796474063008,0.4579796474063008,0.33066101375082235,203.05999999999997,55,2.218100000000003,192.61079999999941
CN(C)CC[C@H](CSc1ccccc1)Nc1ccc(S(=O)(=O)NC(=O)c2ccc(N3CCN(Cc4ccccc4-c4ccc(Cl)cc4)CC3)cc2)cc1[N+](=O)[O-],1,0.057731341530079264,813.4460000000001,768.0859999999998,812.25813822,292,0,0.29319831669218793,-0.37586587134379357,0.37586587134379357,0.29319831669218793,128.13,56,7.880600000000009,226.31609999999944
CC(C)(C)OC(=O)Nc1ccc(-c2cc(C(=O)NCCCCCCC(=O)NO)no2)cc1,0,0.24634390578412793,446.5040000000003,416.26400000000024,446.21653468,174,0,0.4116392553452527,-0.4435868414399275,0.4435868414399275,0.4116392553452527,142.79000000000002,32,3.8743000000000016,117.14310000000006
C[C@]1(c2nc3c(C(N)=O)cccc3[nH]2)CCCN1.Cl.Cl,0,0.792969675565931,317.21999999999997,299.076,316.08576655599995,110,0,0.25047392106613314,-0.3655298802461866,0.3655298802461866,0.25047392106613314,83.8,20,2.104,83.69630000000002
Cc1ccc(Nc2nccc(N(C)c3ccc4c(C)n(C)nc4c3)n2)cc1S(N)(=O)=O,0,0.4921501033338167,437.52900000000017,414.34500000000014,437.16339397600007,160,0,0.23788716629785414,-0.32923624749581915,0.32923624749581915,0.23788716629785414,119.03,31,3.1390400000000005,121.38090000000004
CO[C@H]1C(=O)[C@]2(C)[C@@H](OC)C[C@H]3OC[C@@]3(OC(C)=O)[C@H]2[C@H](OC(=O)c2ccccc2)[C@]2(O)C[C@H](OC(=O)[C@H](O)[C@@H](NC(=O)OC(C)(C)C)c3ccccc3)C(C)=C1C2(C)C,0,0.17072797139316157,835.944,778.4879999999998,835.377905504,326,0,0.40774710722156504,-0.4557376718642315,0.4557376718642315,0.40774710722156504,202.45,60,4.5678000000000045,213.18479999999934
CC1(C)CCC(c2ccc(Cl)cc2)=C(CN2CCN(c3ccc(C(=O)NS(=O)(=O)c4ccc(N[C@H](CCN5CCOCC5)CSc5ccccc5)c(S(=O)(=O)C(F)(F)F)c4)cc3)CC2)C1,1,0.10464896749919123,974.6339999999997,919.194,973.2955098200001,350,0,0.5014901630613527,-0.3803583914432106,0.5014901630613527,0.3803583914432106,128.35999999999999,65,8.833200000000007,251.8864999999993
O=C1NC(=O)C(c2cnc3ccccn23)=C1c1cn2c3c(cc(F)cc13)CN(C(=O)N1CCCCC1)CC2,0,0.41692196518160757,512.5450000000005,487.3450000000003,512.19721688,192,0,0.31986588825394446,-0.3447684214674517,0.3447684214674517,0.31986588825394446,91.95,38,3.416800000000002,138.28169999999992
CN1CCc2c(c3ccccc3n2Cc2ccc(C(=O)NO)cc2)C1,0,0.5715392634266342,335.40700000000004,314.23900000000003,335.163376912,128,0,0.27413368616230943,-0.33978893633978097,0.33978893633978097,0.27413368616230943,57.5,25,2.796500000000001,96.77270000000003
CCN(CC)CCOC1=CC=C(C=C1)NC2=NC=C3C=C(C(=O)N(C3=N2)C)C4=C(C=CC=C4Cl)Cl,1,0.30728294976742365,512.4410000000003,485.22500000000014,511.15418046400004,182,0,0.2594296514204327,-0.49226212399994046,0.49226212399994046,0.2594296514204327,72.28,35,5.766500000000005,143.24269999999987
COc1cc(Nc2ncc3c(n2)-c2ccc(Cl)cc2C(c2c(F)cccc2OC)=NC3)ccc1C(=O)O,1,0.3347159311313273,518.9320000000004,498.7720000000004,518.1157110199999,186,0,0.33898003759253575,-0.49594129485140137,0.49594129485140137,0.33898003759253575,105.92999999999999,37,5.746100000000004,138.00899999999993
CC(=O)c1c(C)c2cnc(Nc3ccc(N4CCNCC4)cn3)nc2n(C2CCCC2)c1=O.Cl,0,0.5319144867872863,484.0040000000003,453.76400000000024,483.21495088000006,180,0,0.2631101892602483,-0.36774019238087546,0.36774019238087546,0.2631101892602483,105.03999999999999,34,3.3876200000000023,135.89489999999998
CC1=NC(=CC=C1)C2=C(N=C(N2)CNC3=CC=CC=C3F)C4=CN5C(=NC=N5)C=C4,0,0.461810835815867,399.43300000000005,381.2890000000001,399.16077179600006,148,0,0.1547901042888621,-0.375453867712419,0.375453867712419,0.1547901042888621,83.79,30,4.2410200000000025,112.26340000000002
NS(=O)(=O)OC[C@H]1C[C@@H](Nc2ncncc2C(=O)c2ccn(Cc3cccc(Br)c3)n2)C[C@@H]1O,0,0.33460136494479786,551.4230000000002,528.2390000000003,550.063400936,180,0,0.33278205693526747,-0.39266693209319753,0.39266693209319753,0.33278205693526747,162.32000000000002,34,1.4864000000000004,126.1362
CC1=CC=C(C=C1)C(=O)N(CCCN)C(C2=C(C(=O)C3=C(O2)C=C(C=C3)Cl)CC4=CC=CC=C4)C(C)C.Cl,0,0.24328793375446675,553.5300000000002,519.2580000000003,552.1946483080001,200,0,0.2539848367273647,-0.4582314597267344,0.4582314597267344,0.2539848367273647,76.53999999999999,38,6.955720000000007,157.4558999999997
O=C(Cc1ccc(-c2ccc(OCCN3CCOCC3)cc2)cn1)NCc1ccccc1,0,0.5631942375722424,431.5360000000001,402.3040000000002,431.2208917880001,166,0,0.22578245804145705,-0.49226402136130065,0.49226402136130065,0.22578245804145705,63.69,32,3.318500000000001,124.41970000000003
O=C(NC1CC1)c1cc(-c2cccs2)on1,0,0.88608381225914,234.28000000000003,224.19999999999996,234.04629856,82,0,0.27320454300068003,-0.35461551813349446,0.35461551813349446,0.27320454300068003,55.13,16,2.2953,60.30420000000002
Nc1ccc2ncnc(NCCc3ccc(Oc4ccccc4)cc3)c2c1,0,0.49166866333028447,356.42900000000003,336.2690000000001,356.16371126,134,0,0.1368769306041456,-0.4573842469096481,0.4573842469096481,0.1368769306041456,73.06,27,4.658900000000004,109.10210000000001
O=C(c1cc(Cc2n[nH]c(=O)c3ccccc23)ccc1F)N1CCN(C(=O)C2CC2)CC1,0,0.6830916301031819,434.47100000000034,411.2870000000002,434.17541881600005,164,0,0.27155014706164315,-0.3389086979461298,0.3389086979461298,0.27155014706164315,86.37,32,2.3474000000000004,116.77720000000006
CC1=C(C=C(C=C1F)C(=O)NC2CC2)C3=NC=C(C=C3)C(=O)NCC(C)(C)C,0,0.8234842482068295,383.46700000000016,357.2590000000001,383.20090529199996,148,0,0.2523645196861344,-0.35146441301814463,0.35146441301814463,0.2523645196861344,71.09,28,3.864220000000002,106.64440000000006
Cn1ncnc1C1c2n[nH]c(=O)c3cc(F)cc(c23)NC1c1ccc(F)cc1,0,0.5581669450324385,380.35800000000006,366.2460000000001,380.119715508,140,0,0.2717363190141486,-0.3764426960983347,0.3764426960983347,0.2717363190141486,88.49000000000001,28,2.6285000000000007,97.9314
CNC(=O)c1ccc(-c2cnc3ncc(Cc4ccc5ncccc5c4)n3n2)cc1F,0,0.48889130178176626,412.42800000000005,395.2920000000001,412.1447873840001,152,0,0.2534966892266625,-0.355020440478789,0.355020440478789,0.2534966892266625,85.07000000000001,31,3.429000000000002,114.11520000000002
CC1(C)CCC(CN2CCN(c3ccc(C(=O)NS(=O)(=O)c4ccc(NCC5CCOCC5)c([N+](=O)[O-])c4)c(Oc4cnc5[nH]ccc5c4)c3)CC2)=C(c2ccc(Cl)cc2)C1,0,0.07640809714093555,868.457,818.0569999999997,867.3180956199999,320,0,0.2931897784676114,-0.4548032789505275,0.4548032789505275,0.2931897784676114,172.03,61,8.659900000000006,237.04779999999937
Cc1ccc(-n2nc(C(C)(C)C)cc2NC(=O)Nc2ccc(OCCN3CCOCC3)c3ccccc23)cc1,0,0.30878428664193475,527.6690000000006,490.3730000000004,527.289640044,204,0,0.3243699907633604,-0.49160760933570297,0.49160760933570297,0.3243699907633604,80.65,39,5.986420000000005,156.34439999999972
CS(=O)CCCCN=C=S,0,0.3591583792833982,177.294,166.20600000000002,177.028205972,58,0,0.058444306748471495,-0.2598714210953924,0.2598714210953924,0.058444306748471495,29.43,10,1.2479,48.06040000000003
c1cc(CN2CCCNCCNCCCNCC2)ccc1CN1CCCNCCNCCCNCC1,0,0.35377837598173745,502.7960000000004,448.36400000000026,502.44714372800007,206,0,0.023378892810542565,-0.31542041102218643,0.31542041102218643,0.023378892810542565,78.66,36,0.41580000000000644,152.68219999999985
COC(=O)c1ccc([C@H]2c3[nH]c4ccccc4c3C[C@H](C(=O)OC)N2C(=O)CCl)cc1,1,0.49680088207428746,440.88300000000015,419.71500000000015,440.113899452,160,0,0.3373417911160834,-0.467470988660421,0.467470988660421,0.3373417911160834,88.69999999999999,31,3.2090000000000014,114.99720000000003
FC(F)(F)c1ccc(CNc2ccc(Cc3c[nH]c4ncc(Cl)cc34)cn2)cn1,0,0.46645765570769304,417.82200000000006,402.7020000000001,417.0968078200001,148,0,0.4328309618418765,-0.36594031403101207,0.4328309618418765,0.36594031403101207,66.49000000000001,29,5.228000000000002,104.7124
[2H]C([2H])([2H])C([2H])([2H])C(=C(c1ccc(O)cc1)c1ccc(OCCN(C)C)cc1)c1ccccc1,0,0.47407528969042423,392.55350889000005,358.29100000000017,392.251212898,150,0,0.11890333123050134,-0.5079662448982517,0.5079662448982517,0.11890333123050134,32.7,29,5.701700000000006,121.24680000000001
O=C(/C=C/c1cccc(S(=O)(=O)Nc2ccccc2)c1)NO,0,0.4462558920281968,318.354,304.242,318.067427928,114,0,0.26686334328222083,-0.2883676582803131,0.2883676582803131,0.26686334328222083,95.5,22,2.0060000000000002,82.65570000000004
C/C=C1\NC(=O)[C@H]2CSSCC/C=C/[C@H](CC(=O)N[C@H](C(C)C)C(=O)N2)OC(=O)[C@H](C(C)C)NC1=O,1,0.17833858604326225,540.7080000000002,504.42000000000036,540.207626872,200,0,0.3290205942264193,-0.45604805408467725,0.45604805408467725,0.3290205942264193,142.70000000000002,36,1.4296000000000009,140.53779999999995
CC(C)CC(NC(=O)C(CCc1ccccc1)NC(=O)CN1CCOCC1)C(=O)NC(Cc1ccccc1)C(=O)NC(CC(C)C)C(=O)C1(C)CO1,1,0.15223408493908502,719.9240000000002,662.4680000000001,719.4257991640001,284,0,0.2430070330048691,-0.37879223535633355,0.37879223535633355,0.2430070330048691,158.47,52,2.583500000000007,198.1647999999994
C=C1C[C@@H]2[C@H](CC[C@]3(C)C(=O)CC[C@@H]23)[C@@]2(C)C=CC(=O)C=C12,0,0.6760895538895387,296.41,272.21799999999996,296.177630008,116,0,0.17816734974132967,-0.29908720957095675,0.29908720957095675,0.17816734974132967,34.14,22,4.029500000000003,86.14600000000004
CCC1C(=O)N(C2=CN=C(N=C2N1C(C)C)NC3=C(C=C(C=C3)C(=O)NC4CCC(CC4)N5CCN(CC5)CC6CC6)OC)C,0,0.40399799274266923,618.8270000000001,568.4270000000004,618.4005874600001,244,0,0.2511339889905347,-0.49455292097041426,0.49455292097041426,0.2511339889905347,106.17,45,4.267200000000003,177.65989999999948
CN1CCN(CCOc2cc(OC3CCOCC3)c3c(Nc4c(Cl)ccc5c4OCO5)ncnc3c2)CC1,0,0.45196054329121843,542.0360000000002,509.7800000000003,541.209196804,202,0,0.23092311505863508,-0.49203785177095705,0.49203785177095705,0.23092311505863508,90.44000000000001,38,3.9395000000000024,144.29669999999984
CC(C)n1cc(-c2ccc3c(c2)N(C)CC3)c2c(NS(=O)(=O)c3ccn(C)n3)ccnc21,0,0.49977926059350086,450.5680000000001,424.3600000000002,450.183795072,166,0,0.2807639043841493,-0.37402307075869934,0.37402307075869934,0.2807639043841493,85.05,32,3.810800000000002,126.54450000000004
CN(C)C/C=C/C(=O)Nc1cc2c(Nc3ccc(F)c(Cl)c3)ncnc2cc1O[C@H]1CCOC1,0,0.45729335341237065,485.94700000000023,460.74700000000024,485.16299556,178,0,0.2476891980311076,-0.4856677385504834,0.4856677385504834,0.2476891980311076,88.61000000000001,34,4.389900000000002,130.4064
C[C@]12CC[C@@H]3c4ccc(O)cc4C[C@@H](CCCCCCCCCS(=O)CCCC(F)(F)C(F)(F)F)[C@H]3[C@@H]1CC[C@@H]2O,1,0.16458620161139678,606.7820000000003,559.4060000000001,606.316607464,234,0,0.4527288343983045,-0.507956030715,0.507956030715,0.4527288343983045,57.53,41,8.682600000000003,152.6519999999998
C1=CC=C(C=C1)CN2C=C(C3=C2C=CC(=C3)C4=CC=C(C=C4)OC(F)(F)F)C(=O)C(=O)O,0,0.3172321156610762,439.3890000000001,423.2610000000001,439.10314265199986,162,0,0.572596303414261,-0.4752293965882638,0.572596303414261,0.4752293965882638,68.53,32,5.522500000000004,111.56730000000007
COC1=C(C=C(C=C1)N(C(C2=CC=CS2)C(=O)NCCC3=CC=CC=C3)C(=O)CCl)Cl,1,0.43751274589689204,477.4130000000001,455.2370000000002,476.072818924,162,0,0.2481845858908921,-0.49519702806849364,0.49519702806849364,0.2481845858908921,58.64,31,5.082100000000004,126.4257
O=C(O[Na])C(Cl)Cl,0,0.4004534512684336,150.92399999999998,149.916,149.925128912,36,0,,,,,26.3,7,0.41679999999999984,27.34
O=C(CCCCCCC(=O)Nc1ccccc1)NO,1,0.3832200999836573,264.32500000000005,244.16499999999996,264.1473925,104,0,0.24282861814920875,-0.3260984792165692,0.3260984792165692,0.24282861814920875,78.43,19,2.4711,72.70290000000003
C=CCn1c(=O)c2cnc(Nc3ccc(N4CCN(C)CC4)cc3)nc2n1-c1cccc(C(C)(C)O)n1,1,0.37351787019809934,500.60700000000026,468.35100000000034,500.26482226400003,192,0,0.2780221867196085,-0.3841413089660012,0.3841413089660012,0.2780221867196085,104.34,37,2.8860000000000015,145.79649999999984
C=Cc1c(C)c2cc3nc(cc4[nH]c(cc5nc(cc1[nH]2)C(C)=C5CCC(=O)O)c(CCC(=O)OC)c4C)[C@@]1(C)C3=CC=C(C(=O)OC)[C@H]1C(=O)OC,0,0.1592428994787352,718.8070000000004,676.4710000000002,718.300264304,274,0,0.33415856668867006,-0.48122192574302824,0.48122192574302824,0.33415856668867006,173.56,53,6.719240000000007,201.19519999999963
Cc1ccc(F)c(NC(=O)Nc2ccc(-c3cccc4[nH]nc(N)c34)cc2)c1,0,0.4098564168765686,375.40700000000015,357.2630000000001,375.14953841600004,140,0,0.32326440049127014,-0.3816932467303221,0.3816932467303221,0.32326440049127014,95.83,28,4.903620000000003,109.72050000000002
CC(C)Cc1ccc([C@@H](C)C(=O)NS(C)(=O)=O)cc1,0,0.8994084644413988,283.393,262.22499999999997,283.124214532,106,0,0.24017626586736426,-0.2733522501516329,0.2733522501516329,0.24017626586736426,63.24,19,2.0644,76.38550000000005
O=C(O)CNC(=O)C1C(=O)N(C2CCCCC2)C(=O)N(C2CCCCC2)C1=O,0,0.6778051064598919,393.4400000000002,366.22400000000016,393.189985584,154,0,0.33347423359644623,-0.47993044410238384,0.47993044410238384,0.33347423359644623,124.09,28,1.2595999999999992,96.96950000000007
NC(=O)c1ccc(I)c([N+](=O)[O-])c1,0,0.5060945126204037,292.032,286.992,291.93449002,68,0,0.2829427388742862,-0.365595810359102,0.365595810359102,0.2829427388742862,86.23,13,1.2983,54.33129999999999
CNC(=O)c1ccccc1Oc1nc(Nc2cc(OC)c(OC)c(OC)c2)ncc1Br,0,0.4864503004152393,489.3260000000002,468.1580000000002,488.06953187199997,162,0,0.2543115785116634,-0.49263353644408087,0.49263353644408087,0.2543115785116634,103.83000000000001,31,4.160400000000003,119.01890000000004
CC[C@@H]1C(=O)N(C)c2cnc(Nc3ccc(C(=O)NC4CCN(C)CC4)cc3OC)nc2N1C1CCCC1,0,0.5703394097150783,521.6660000000004,482.3540000000003,521.3114381080001,204,0,0.2511355194566637,-0.4945529209704142,0.4945529209704142,0.2511355194566637,102.92999999999999,38,3.5568000000000017,148.5178999999998
CNC(=O)c1ccc(Nc2ncc(C(F)(F)F)c(NCc3nccnc3N(C)S(C)(=O)=O)n2)cc1,0,0.41634126042722625,510.5020000000002,489.33400000000023,510.14094219200007,186,0,0.42094638952416985,-0.36359500758231506,0.42094638952416985,0.36359500758231506,142.09999999999997,35,2.3965000000000005,122.75439999999999
COc1ccc(/C=C/C(=O)c2c(O)cc(OC)cc2OC)cc1,0,0.6543551223607273,314.33700000000005,296.19300000000004,314.115423676,120,0,0.192841143469882,-0.5068935944393902,0.5068935944393902,0.192841143469882,64.99000000000001,23,3.3141000000000016,87.56930000000003
CCC[C@H](Nc1nc(-c2ccc(NC(=O)NCC)c(OC)c2)ncc1C)c1cccnc1,0,0.44045558325110246,434.54400000000015,404.30400000000026,434.24302420000004,168,0,0.31883410900071196,-0.4945532003252796,0.4945532003252796,0.31883410900071196,101.06,32,4.950320000000004,126.96110000000003
O=C(NOCC1CC1)c1ccc(F)c(F)c1Nc1ccc(I)cc1Cl,0,0.45190369246868806,478.664,464.552,477.975659808,132,0,0.27656084250432883,-0.351170034971955,0.351170034971955,0.27656084250432883,50.36,25,5.0378000000000025,99.95190000000001
Nc1ccn([C@@H]2O[C@H](CO)[C@@H](O)C2(F)F)c(=O)n1,0,0.6120873727300362,263.2,252.11199999999994,263.071762272,100,0,0.35131379854975847,-0.393564363221731,0.393564363221731,0.35131379854975847,110.60000000000001,18,-1.2886,54.85900000000001
C#Cc1cccc(Nc2ncnc3cc(OCCOC)c(OCCOC)cc23)c1,0,0.4178840975839869,393.4430000000002,370.2590000000002,393.16885621599994,150,0,0.16299509364145157,-0.48726952039143223,0.48726952039143223,0.16299509364145157,74.73000000000002,29,3.405100000000002,111.93970000000004
CCC1=C[C@@H]2C[N@](C1)Cc1c([nH]c3ccccc13)[C@@](C(=O)OC)(c1cc3c(cc1OC)N(C)[C@H]1[C@@](O)(C(=O)OC)[C@H](OC(C)=O)[C@]4(CC)C=CCN5CC[C@]31[C@@H]54)C2.O=C(O)[C@H](O)[C@@H](O)C(=O)O.O=C(O)[C@H](O)[C@@H](O)C(=O)O,0,0.06330916214142718,1079.1190000000004,1012.591,1078.4270405120003,418,0,0.3436112263225902,-0.4963433573515331,0.4963433573515331,0.3436112263225902,363.99,77,0.5084000000000097,268.6478999999994
c1ccc(NCc2ccc(CNc3ccccn3)cc2)nc1,0,0.7265093760687427,290.37,272.226,290.153146576,110,0,0.1256340966312592,-0.3659994906787609,0.3659994906787609,0.1256340966312592,49.84,22,3.700800000000002,89.56940000000003
C/C(=C\c1csc(C)n1)[C@@H]1C[C@@H]2O[C@]2(C)CCC[C@H](C)[C@H](O)[C@@H](C)C(=O)C(C)(C)[C@@H](O)CC(=O)N1,0,0.521911808548141,506.7090000000003,464.3730000000003,506.28144344399993,196,0,0.22260759336803299,-0.39211185160393824,0.39211185160393824,0.22260759336803299,112.05000000000001,35,4.050520000000002,137.92530000000002
CO/C1=C\C(C)=C\[C@@H](C)[C@@H](O)[C@@H](C)C/C(C)=C/C=C/[C@H](OC)[C@@H]([C@@H](C)[C@@H](O)[C@H](C)[C@@]2(O)C[C@@H](O)[C@H](C)[C@@H](C(C)C)O2)OC1=O,0,0.29834069238685335,622.8400000000003,564.3760000000004,622.408083436,252,0,0.3734833507561735,-0.4898608117748964,0.4898608117748964,0.3734833507561735,134.91000000000003,44,4.692700000000005,170.15819999999962
C1C2CC3CC1CC(C2)(C3)OCCN4CC5=CC6=C(C=C5OC4)OCO6,0,0.8240899663613823,357.45000000000016,330.2340000000001,357.19400834399994,140,0,0.23080401814008772,-0.47764777124600183,0.47764777124600183,0.23080401814008772,40.160000000000004,26,3.5526000000000026,95.32500000000007
CCN(CC)C(=S)SSC(=S)N(CC)CC,1,0.5731348904238733,296.5520000000001,276.39200000000005,296.05093264,94,0,0.14695129980273047,-0.35739410172993036,0.35739410172993036,0.14695129980273047,6.48,16,3.6212000000000026,86.22000000000004
CC(C)CC(NC(=O)C(Cc1ccccc1)NC(=O)c1cnccn1)B(O)O,1,0.46304615262258836,384.24500000000006,359.0450000000001,384.19688568000004,148,0,0.4749647122685063,-0.4257360952865367,0.4749647122685063,0.4257360952865367,124.44000000000001,28,0.36059999999999964,105.00950000000005
C[C@@H](O[C@H]1OCCN(Cc2nc(=O)[nH][nH]2)[C@H]1c1ccc(F)cc1)c1cc(C(F)(F)F)cc(C(F)(F)F)c1,0,0.43762531180471914,534.4320000000001,513.2640000000001,534.150188072,200,0,0.4159366627407335,-0.3492641741201031,0.4159366627407335,0.3492641741201031,83.24000000000001,37,4.952100000000004,114.44540000000003
C#Cc1cccc(Nc2ncnc3cc(OC)c(OCCCCCCC(=O)NO)cc23)c1,0,0.17974464562721468,434.4960000000003,408.28800000000024,434.19540531199993,166,0,0.2428286182115434,-0.4927859630972057,0.4927859630972057,0.2428286182115434,105.60000000000001,32,4.198000000000002,122.25890000000007
Cc1ncc([N+](=O)[O-])n1CCOC(=O)NC(Nc1ncccn1)C(Cl)(Cl)Cl,0,0.2908684724999212,438.659,424.547,437.017284968,146,0,0.4085285268824969,-0.44532942589028657,0.44532942589028657,0.4085285268824969,137.1,27,2.42432,97.83480000000002
Cc1sc2c(c1C)C(c1ccc(Cl)cc1)=N[C@@H](CC(=O)OC(C)(C)C)c1nnc(C)n1-2,0,0.48554391296514915,456.9990000000003,431.7990000000002,456.13867472000004,162,0,0.3084624468374795,-0.4598796799224905,0.4598796799224905,0.3084624468374795,69.37,31,5.531360000000006,123.74100000000004
O=C(N/N=C/c1ccc(O)c(O)c1)c1cc2ccccc2cc1O,0,0.338113128297342,322.32000000000005,308.208,322.095356928,120,0,0.27464173811718245,-0.5070970047990954,0.5070970047990954,0.27464173811718245,102.15,24,2.7205000000000017,90.44460000000001
CNC1=CC=CC(=N1)CCOC2=CC3=C(CC(C(=O)N(C3)CC(F)(F)F)CC(=O)O)C=C2,0,0.6402124732185205,451.44500000000016,427.2530000000001,451.1718909079999,172,0,0.4055338627728783,-0.4931814107695329,0.4931814107695329,0.4055338627728783,91.76,32,3.282700000000002,110.34350000000006
CCNC(=O)CC1C2=NN=C(N2C3=C(C=C(C=C3)OC)C(=N1)C4=CC=C(C=C4)Cl)C,0,0.6786134146458529,423.90400000000017,401.7280000000001,423.146202624,154,0,0.22212121645897015,-0.49674176885577,0.49674176885577,0.22212121645897015,81.4,30,3.6560200000000025,115.78070000000001
CC(C)NCC(O)COc1ccc(CCOCC2CC2)cc1.Cl,0,0.606569080084936,343.89500000000004,313.655,343.1914215,132,0,0.11895622189076537,-0.4908491126928612,0.4908491126928612,0.11895622189076537,50.72,23,2.8152000000000013,95.57750000000006
Cc1cc(Nc2cc(Cl)nc(Oc3ccc([N+](=O)[O-])cc3)n2)n[nH]1,0,0.4111301785837212,346.73400000000004,335.646,346.0581158920001,122,0,0.32488241318979844,-0.4242122474831573,0.4242122474831573,0.32488241318979844,118.86000000000001,24,3.605620000000002,86.8198
Cc1nc(Nc2ncc(C(=O)Nc3c(C)cccc3Cl)s2)cc(N2CCN(CCO)CC2)n1,0,0.4657173060978848,488.01700000000034,461.8090000000002,487.15572175200003,174,0,0.2669995457316883,-0.3950445481992146,0.3950445481992146,0.2669995457316883,106.50999999999999,33,3.3135400000000015,132.04670000000002
CC(C)NCC(O)COc1cccc2ccccc12.Cl,0,0.8606826609080008,295.81,273.63399999999996,295.13390662399996,110,0,0.12675869165350548,-0.49019502312328916,0.49019502312328916,0.12675869165350548,41.489999999999995,20,2.999300000000001,85.83650000000004
CNC(=O)C1=CC=CC=C1NC2=CC(=NC=C2C(F)(F)F)NC3=C(C=C(C=C3)N4CCOCC4)OC,1,0.429062177090804,501.5090000000003,475.3010000000003,501.198774352,190,0,0.41939251594297333,-0.4944988226529232,0.4944988226529232,0.41939251594297333,87.75,36,4.792400000000004,131.66259999999997
COc1cc2c(cc1-c1c(C)noc1C)ncc1[nH]c(=O)n([C@H](C)c3ccccn3)c12,0,0.47313551224422074,415.45300000000015,394.2850000000002,415.1644395320001,156,0,0.3266418035161093,-0.49608380259175516,0.49608380259175516,0.3266418035161093,98.83,31,4.162540000000002,117.4327
CC(C)C[C@@H](NC(=O)[C@@H](Cc1ccccc1)NC(=O)[C@H](N)Cc1ccccc1)C(=O)N[C@H](CCCCN)C(=O)N1CCC(N)(C(=O)O)CC1.O=C(O)C(F)(F)F,1,0.1002794216596953,793.8850000000001,739.4530000000003,793.3985963480002,310,0,0.49024031830700304,-0.4798732473247778,0.49024031830700304,0.4798732473247778,260.27,56,1.4664000000000088,200.4788999999996
Cc1ccc(C(=O)N(CCCN)[C@@H](c2nc3cc(Cl)ccc3c(=O)n2Cc2ccccc2)C(C)C)cc1,0,0.31397854036955447,517.0730000000002,483.80900000000037,516.229203976,192,0,0.2612562041874015,-0.33040582024609544,0.33040582024609544,0.2612562041874015,81.22,37,5.5949200000000054,150.02289999999977
Nc1ccccc1NC(=O)c1ccc(CNc2nccc(-c3cccnc3)n2)cc1,0,0.42571914326019455,396.45400000000006,376.29400000000015,396.16985926000007,148,0,0.25521667666046055,-0.3970455394574331,0.3970455394574331,0.25521667666046055,105.82,30,3.9852000000000016,117.83929999999998
CC(C)[C@H]1C(=O)N[C@@H](CCCNC(=N)N)C(=O)NCC(=O)N[C@@H](CC(=O)O)C(=O)N[C@H](Cc2ccccc2)C(=O)N1C.O=C(O)C(F)(F)F,0,0.08260423170107566,702.6880000000004,661.3600000000005,702.294859552,272,0,0.49024031830700304,-0.48116230829113704,0.49024031830700304,0.48116230829113704,273.21,49,-1.3324299999999898,165.43819999999982
CC(C)CCn1c(CN2CCN(C(=O)C3CC3)CC2)nc2c1c(=O)n(C)c(=O)n2C,0,0.6859930935490486,416.5260000000002,384.27000000000015,416.253588884,164,0,0.3317036033323443,-0.3398932653019528,0.3398932653019528,0.3317036033323443,85.37,30,0.5340000000000023,114.25100000000008
CN1CCc2cc(Nc3ncc(C4CC4)c(NCCCNC(=O)C4CCC4)n3)ccc2C1,0,0.5209389184624631,434.58800000000025,400.3160000000002,434.279409708,170,0,0.22864091052176874,-0.36960269987769445,0.36960269987769445,0.22864091052176874,82.17999999999999,32,3.8038000000000025,127.22710000000006
Cc1ccc(=O)n(-c2ccccc2)c1,0,0.6668204072157461,185.22600000000003,174.13799999999998,185.084063972,70,0,0.25455972000459637,-0.2840650293188537,0.2840650293188537,0.25455972000459637,22.0,14,2.1459200000000003,56.776000000000025
Cl.N[C@H](Cc1c[nH]c2ccccc12)C(=O)N/N=C/c1ccc2nccnc2c1,0,0.35666862320426446,394.8660000000001,375.71400000000017,394.13088690800004,142,0,0.25680653025291766,-0.3608888069752444,0.3608888069752444,0.25680653025291766,109.05,28,2.553000000000001,112.5008
O=c1c(-c2ccc(O)cc2)coc2cc(O[C@@H]3O[C@H](CO)[C@@H](O)[C@H](O)[C@H]3O)ccc12,0,0.40574763367710653,416.38200000000006,396.2220000000002,416.11073221999993,158,0,0.22872410536661011,-0.507966244667516,0.507966244667516,0.22872410536661011,149.82,30,0.34429999999999994,103.98000000000002
CC1=CC(=CN=C1C2=CC(=NC=C2)C)CC(=O)NC3=NC=C(C=C3)C4=NC=CN=C4,0,0.5515401466154501,396.45400000000006,376.29400000000015,396.16985926000007,148,0,0.22950525954374312,-0.3104161774425812,0.3104161774425812,0.22950525954374312,93.55000000000001,30,3.793640000000001,114.53869999999999
CC(=NNc1c(Cl)cc(Cl)cc1Cl)c1cc(Cl)ccc1O,0,0.5308165354139063,364.0590000000001,353.9790000000001,361.95472365999996,110,0,0.1242930792047433,-0.5072611061543462,0.5072611061543462,0.1242930792047433,44.620000000000005,21,5.8419000000000025,90.4225
CC1=C(C(=O)Nc2cc3cn[nH]c3cc2F)C(c2ccc(C(F)(F)F)cc2)CC(=O)N1,0,0.5414693789834616,432.3770000000001,416.2490000000001,432.120938632,160,0,0.4159098427411137,-0.329545649803554,0.4159098427411137,0.329545649803554,86.88,31,4.237000000000002,104.32610000000003
CCOc1cc2ncc(C#N)c(Nc3ccc(OCc4ccccn4)c(Cl)c3)c2cc1NC(=O)/C=C/CN(C)C,0,0.21847545958158987,557.054,527.8220000000002,556.1989664680001,204,0,0.2476891905287519,-0.4916171569547509,0.4916171569547509,0.2476891905287519,112.39999999999999,40,5.932480000000005,157.2543999999997
C=C(C)[C@@H]1CC[C@]2(C(=O)O)CC[C@]3(C)[C@H](CC[C@@H]4[C@@]5(C)CC[C@H](O)C(C)(C)[C@@H]5CC[C@]43C)[C@@H]12,0,0.43609774143169966,456.7110000000003,408.3270000000002,456.36034539599996,186,0,0.3094457065168938,-0.48081364076912236,0.48081364076912236,0.3094457065168938,57.53,33,7.089500000000009,132.61160000000004
Cc1c(F)cccc1NC(=O)Nc1ccc(Cl)c(S(=O)(=O)[C@H]2CCCNC2)c1O,0,0.5414185890557626,441.91200000000026,420.7440000000002,441.09253305199996,156,0,0.32329919189914036,-0.504440535927932,0.504440535927932,0.32329919189914036,107.53000000000002,29,3.6628200000000013,109.97270000000003
Cc1nc(Nc2n[nH]c3c2CN(C(=O)N[C@H](CN(C)C)c2ccccc2)C3(C)C)c2sccc2n1,0,0.36706019326696254,490.6370000000002,460.39700000000033,490.22632858,182,0,0.3185010124892758,-0.32985337454074837,0.32985337454074837,0.3185010124892758,102.07,35,4.529620000000004,138.86009999999987
Nc1ccccc1NC(=O)c1ccc(CNC(=O)OCc2cccnc2)cc1,0,0.5721890116710698,376.4160000000001,356.25600000000014,376.1535405,142,0,0.4072353132659892,-0.4446236510206658,0.4446236510206658,0.4072353132659892,106.34,28,3.342500000000001,106.5113
C1=CC(=C(C=C1I)F)NC2=C(C=CC(=C2F)F)C(=O)NOCC(CO)O,0,0.35996032896912883,482.1960000000002,468.08400000000023,481.99503958799994,140,0,0.27656236395763595,-0.3935912352399855,0.3935912352399855,0.27656236395763595,90.82000000000001,26,2.4667000000000012,95.2685
CC(C)CCN1c2nc(Nc3cc(F)c(O)c(F)c3)ncc2N(C)C(=O)C1C,0,0.7604234110279622,391.42200000000014,368.2380000000001,391.18198141600004,150,0,0.24883516174665707,-0.5027723164934268,0.5027723164934268,0.24883516174665707,81.59,28,3.421400000000001,103.01050000000004
CC(=O)N1CCCC1C(=O)NC(CC2=CN=CN2)C(=O)NC(CO)C(=O)NC(CS)C(=O)NC(CC(=O)N)C(=O)N,0,0.08761456143292036,597.6550000000001,562.3750000000002,597.23293008,226,0,0.2451512831210332,-0.3936790710041755,0.3936790710041755,0.2451512831210332,271.8,41,-4.814900000000001,144.36810000000003
Cc1ccc(Sc2cncc3sc(C(N)=O)cc23)cc1,0,0.7989038498919613,300.408,288.312,300.039105004,100,0,0.2583113131873881,-0.36489974007651943,0.36489974007651943,0.2583113131873881,55.98,20,3.854820000000002,83.43990000000001
O=C1Nc2cc(Br)ccc2/C1=C1/Nc2ccccc2/C1=N\O,0,0.38477623939536587,356.17900000000003,346.0990000000001,354.99563866,108,0,0.2580674936740428,-0.41029524840867726,0.41029524840867726,0.2580674936740428,73.72,22,3.4163000000000023,88.07990000000002
CCN1CCN(Cc2ccc(NC(=O)c3ccc(C)c(NC(=O)c4cncc(-c5cccs5)c4)c3)cc2C(F)(F)F)CC1,0,0.23103533906907242,607.7020000000002,575.4460000000004,607.222880924,224,0,0.4162995001451382,-0.32198137495692053,0.4162995001451382,0.32198137495692053,77.57000000000001,43,6.779420000000005,163.47039999999964
COc1cc2ncnc(Nc3ccc(F)c(Cl)c3)c2cc1OCCCCCOCCOCCC(=O)N[C@H](C(=O)N1C[C@H](O)C[C@H]1C(=O)NCc1ccc(-c2scnc2C)cc1)C(C)(C)C,0,0.05055520585343009,934.532,877.0759999999997,933.366188684,348,0,0.24596674565271262,-0.49278596309720546,0.49278596309720546,0.24596674565271262,186.36,65,7.387920000000008,248.02789999999928
C[C@@H]1O[C@@H](Oc2c(-c3ccc(O)c(O)c3)oc3cc(O)cc(O)c3c2=O)[C@H](O)[C@H](O)[C@H]1O,0,0.2759883948284765,448.38000000000017,428.22000000000025,448.1005614599999,170,0,0.2386326952141099,-0.5076781655726268,0.5076781655726268,0.2386326952141099,190.27999999999997,32,0.4886999999999995,107.56260000000002
