SMILES,label,LabuteASA,PEOE_VSA1,PEOE_VSA10,PEOE_VSA11,PEOE_VSA12,PEOE_VSA13,PEOE_VSA14,PEOE_VSA2,PEOE_VSA3,PEOE_VSA4,PEOE_VSA5,PEOE_VSA6,PEOE_VSA7,PEOE_VSA8,PEOE_VSA9,SMR_VSA1,SMR_VSA10,SMR_VSA2,SMR_VSA3,SMR_VSA4,SMR_VSA5,SMR_VSA6,SMR_VSA7,SMR_VSA8,SMR_VSA9,SlogP_VSA1,SlogP_VSA10,SlogP_VSA11,SlogP_VSA12,SlogP_VSA2,SlogP_VSA3,SlogP_VSA4,SlogP_VSA5,SlogP_VSA6,SlogP_VSA7,SlogP_VSA8,SlogP_VSA9
Cl.Cl.N[C@@H](Cc1ccc([N+]([O-])(CCCl)CCCl)cc1)C(=O)O,0,151.91244083686055,20.69378674858968,11.729227103831523,0.0,0.0,0.0,5.969305287951849,4.794537184071822,0.0,0.0,48.015946102824984,12.13273413692322,24.117007251546223,0.0,24.84951970176583,9.901064578912528,59.67263766546039,0.0,4.646338851809496,5.733667477162185,12.462662452073971,24.84951970176583,35.03617279032073,0.0,0.0,10.380006328971682,5.687386274683562,0.0,48.015946102824984,41.967193213706345,11.21535880699783,5.20725302477729,5.563451491696996,24.26546827384644,0.0,0.0,0.0
CC1CCCC2(C(O2)CC(OC(=O)CC(C(C(=O)C(C1O)C)(C)C)O)C(=CC3=CSC(=N3)C)C)C,0,212.4873619406242,19.68678069728151,11.887211334113243,0.0,0.0,0.0,5.969305287951849,9.589074368143644,4.9839785209472085,0.0,11.336785877934737,34.11577042168851,51.17988552798842,17.718790439553317,46.45031375825261,29.275855065425148,29.165356219085407,0.0,4.9839785209472085,17.250802561719567,110.58718487444129,0.0,21.65471899223641,0.0,0.0,0.0,0.0,0.0,11.336785877934737,56.9664999069223,19.06280027574374,24.17453976141019,84.348083004475,10.953167300535181,0.0,6.076020106833881,0.0
CC(=O)N(O)CCCCCNC(=O)CCC(=O)N(O)CCCCCNC(=O)CCC(=O)N(O)CCCCCN.CS(=O)(=O)O,0,259.2688143813944,16.367244685174846,0.0,0.0,29.535898646757527,10.118126859033554,0.0,44.14719486838134,15.189653174896048,8.417796984328938,0.0,6.4208216229260096,57.91132938932066,65.33080572095754,6.255769183511404,52.56499185271027,39.65402550579108,0.0,25.823230382908708,5.733667477162185,90.39441829772878,45.52430761898685,0.0,0.0,0.0,16.367244685174846,0.0,0.0,0.0,118.84216537299162,34.090812779392664,0.0,90.39441829772878,0.0,0.0,0.0,0.0
CC(C)CC(NC(=O)CNC(=O)c1cc(Cl)ccc1Cl)B1OC(=O)C(CC(=O)O)(CC(=O)O)O1,1,204.75679086861783,30.155348265744763,0.0,5.601050810983688,5.907179729351506,5.907179729351506,25.02630819807991,23.97268592035911,0.0,0.0,0.0,37.04935417984628,30.537828874472233,5.022633313741326,35.91367705506872,43.49445697809121,60.04254743724795,0.0,10.633577208012662,5.917906046161393,44.65218267700877,6.544756405912575,33.80781932456448,0.0,0.0,10.633577208012662,0.0,0.0,23.20187978046503,65.14072226122639,28.48686500433798,5.917906046161393,43.46792794392809,18.19910120538483,10.045266627482652,0.0,0.0
CCc1nc(-c2cccc(C)c2)c(-c2ccnc(NC(=O)c3ccccc3)c2)s1,0,173.85349771123177,5.316788604006331,5.817862777835028,0.0,0.0,5.907179729351506,0.0,4.794537184071822,9.967957041894417,0.0,11.336785877934737,48.88539110215728,49.239845656621675,17.323746555007066,15.578698885402526,4.794537184071822,23.06182838512127,0.0,9.967957041894417,0.0,20.268296022307258,5.316788604006331,89.06140800493756,0.0,21.697978171943753,5.316788604006331,5.817862777835028,0.0,11.336785877934737,15.875136771245923,6.4208216229260096,6.923737199690624,27.8528010640092,72.9268813246908,0.0,21.697978171943753,0.0
Cn1cnc2c(F)c(Nc3ccc(Br)cc3Cl)c(C(=O)NOCCO)cc21,0,166.72812338732876,14.990415646638391,5.516700717616262,5.817220841045895,0.0,5.907179729351506,0.0,9.632125767808455,14.854490166743231,0.0,0.0,27.530883788181864,24.26546827384644,11.520391498509603,47.01864207621208,19.12906821032398,55.846237502133015,0.0,15.031174766859765,7.04767198267719,0.0,18.530552533032168,51.46881351092761,0.0,0.0,10.796885202127534,15.765187597041944,0.0,27.530883788181864,33.77854922195661,11.885260566413823,5.817220841045895,10.357988675768818,35.0655078644434,5.022633313741326,11.033401435232523,0.0
C=CCNC1=C2C[C@@H](C)C[C@H](OC)[C@H](O)[C@@H](C)/C=C(\C)[C@H](OC(N)=O)[C@@H](OC)/C=C\C=C(/C)C(=O)NC(=CC1=O)C2=O,0,246.7588068646843,35.684360941415704,6.103966387748303,6.103966387748303,11.566489892729878,5.907179729351506,6.093240070938415,14.383611552215466,4.794537184071822,0.0,6.578935683598497,44.22757493355065,38.180128221463924,43.90448670160145,23.602011401608273,38.49526499252814,23.5669096930198,0.0,10.633577208012662,17.569479569484972,64.95245759560771,20.764351488467643,71.14844854092125,0.0,0.0,16.367244685174846,4.794537184071822,0.0,0.0,73.85365412732135,28.59420041361561,11.835812092322787,40.53659204461451,71.14844854092125,0.0,0.0,0.0
CC(C)(C)NCC(O)COc1nsnc1N1CCOCC1.O=C(O)/C=C\C(=O)O,0,172.8203027829579,35.010006426979025,12.71084835226122,0.0,5.817862777835028,5.879988336435371,11.938610575903699,0.0,9.589074368143644,4.3735399814164495,4.3735399814164495,0.0,20.771211599071872,37.325234683788835,24.94195127422445,34.38238246026586,29.48466069893734,0.0,14.06386856683923,0.0,32.41410323920352,44.35482484212695,12.152040213667762,0.0,5.879988336435371,14.953561288656857,5.817862777835028,5.879988336435371,11.728187345198613,87.10307947466686,14.325937321943691,0.0,20.771211599071872,12.152040213667762,0.0,0.0,0.0
CCCCOCCOc1ccc(-c2ccc3c(c2)/C=C(/C(=O)Nc2ccc([S@@](=O)Cc4cncn4CCC)cc2)CCCN3CC(C)C)cc1,0,299.91743634490865,24.25752389024826,12.356393797796823,0.0,0.0,5.907179729351506,0.0,9.00343567623629,4.9839785209472085,0.0,0.0,52.31487162707332,102.8985036674832,54.28135530881788,35.180552683777016,18.477161583836388,34.15754142845682,0.0,9.551078168738563,5.917906046161393,76.99215040156967,43.126857040220706,96.08468541607007,0.0,16.876414816677897,14.953561288656857,11.374772549367124,5.749511833283905,0.0,52.57731509561843,32.62857919343554,5.917906046161393,71.056436399938,89.72278940504239,0.0,17.202923090227873,0.0
Cn1cnc2c(F)c(Nc3ccc(Br)cc3F)c(C(=O)NOCCO)cc21,0,160.5903925633733,14.990415646638391,11.333921558662157,5.817220841045895,0.0,5.907179729351506,0.0,9.632125767808455,19.24490521441805,0.0,0.0,15.929943897949348,24.26546827384644,11.520391498509603,41.99600876247076,23.5194832579988,44.2452976119005,0.0,15.031174766859765,7.04767198267719,0.0,18.530552533032168,52.26340103823218,0.0,0.0,10.796885202127534,20.155602644716765,0.0,15.929943897949348,33.77854922195661,11.885260566413823,11.63444168209179,10.357988675768818,35.0655078644434,0.0,11.033401435232523,0.0
CC1(CCO)C[C@]2(CC[C@H](C(C)(C)C)CC2)OO1,1,110.78739784927168,5.106527394840706,11.202101621967376,0.0,0.0,0.0,0.0,0.0,9.775141906512223,0.0,0.0,20.771211599071872,43.939920206952834,19.448525210364938,0.0,14.881669301352929,0.0,0.0,0.0,11.332896515558172,77.42198015828593,6.606881964512918,0.0,0.0,0.0,0.0,0.0,0.0,0.0,22.915510981321,9.775141906512223,11.332896515558172,66.21987853631855,0.0,0.0,0.0,0.0
CN(C)c1cccc(-c2c3c(=O)n(-c4ccccc4Cl)[nH]c3cc(=O)n2C)c1,0,165.74507942822538,9.467009378641833,0.0,0.0,0.0,11.118533790104014,0.0,14.68775617644468,4.681802935145185,0.0,0.0,35.866408164078955,24.26546827384644,38.46022078287373,27.306872515354407,0.0,28.191251096997135,0.0,14.347584391237579,7.04767198267719,0.0,18.99525369620486,80.32754508814348,0.0,16.944765761229018,16.01844352095449,5.687386274683562,0.0,11.600939890232516,28.442928356591956,7.04767198267719,0.0,0.0,64.18637798429813,5.022633313741326,27.847690693310078,0.0
CC(=O)O[C@@]12CO[C@@H]1C[C@H](O)[C@@]1(C)C(=O)[C@H](O)C3=C(C)[C@@H](OC(=O)[C@H](O)[C@@H](NC(=O)OC(C)(C)C)c4ccccc4)C[C@@](O)([C@@H](OC(=O)c4ccccc4)[C@H]21)C3(C)C.O,0,341.67166249411423,54.90340478825077,35.61796717296058,17.488262145096932,0.0,0.0,24.001155934793964,9.589074368143644,14.383611552215466,0.0,0.0,62.37841094707413,63.46108068721186,25.180370914939424,35.64903718866435,73.55930210460353,29.784400881158902,0.0,5.316788604006331,16.747886984954953,127.70033243196583,6.606881964512918,82.93678272814864,0.0,0.0,5.316788604006331,4.794537184071822,0.0,0.0,115.7205350203569,38.06792632121571,16.747886984954953,90.19482183999078,71.80987974475464,0.0,0.0,0.0
COC1=C(C=C(C(=C1)N2C(=O)C3=CC=CC=C3NC2=S)Cl)Cl,0,140.42475145070006,9.720841474747257,5.749511833283905,4.771065770590158,0.0,5.559266895052008,0.0,9.361636831863176,0.0,0.0,0.0,35.33461391738825,30.416974648431527,6.06636706846161,33.74537537552481,4.736862953800049,46.32267815559278,0.0,9.551078168738563,0.0,0.0,7.109797541277533,61.5683388879663,0.0,11.436898107967467,10.296129848852058,0.0,5.749511833283905,35.41975322351173,16.660875710016096,0.0,4.771065770590158,0.0,41.192739594841484,10.045266627482652,16.590311206764618,0.0
CCn1c2ccccc2c2cc(-n3nncc3-c3ccccc3)ccc21,0,150.85327173781036,4.567099647791355,0.0,0.0,0.0,0.0,0.0,0.0,4.681802935145185,0.0,5.098681808301038,53.744321643347746,31.18920547353706,33.91405776177169,17.5781578411451,0.0,21.805849864162113,0.0,19.560969486892446,0.0,13.4684936056032,0.0,78.99324839315241,0.0,16.944765761229018,0.0,0.0,0.0,0.0,19.560969486892446,6.544756405912575,0.0,6.923737199690624,78.99324839315241,0.0,38.750615625391134,0.0
Cc1c2oc3c(C)ccc(C(=O)N[C@@H]4C(=O)N[C@@H](C(C)C)C(=O)N5CCC[C@H]5C(=O)N(C)CC(=O)N(C)[C@@H](C(C)C)C(=O)O[C@@H]4C)c3nc-2c(C(=O)N[C@@H]2C(=O)N[C@@H](C(C)C)C(=O)N3CCC[C@H]3C(=O)N(C)CC(=O)N(C)[C@@H](C(C)C)C(=O)O[C@@H]2C)c(N)c1=O,1,521.8226518603487,70.29115712294384,71.753288121145,11.343267560516685,52.686228226712586,11.814359458703011,11.938610575903699,52.73990902479004,14.573052889090853,0.0,0.0,61.456264665986595,88.67967803527071,46.8436522342309,29.903802069902703,71.42532305351531,87.79751500336083,0.0,55.650591322075414,23.671624184645573,169.31079229667182,60.10338103152124,44.60986767968357,0.0,11.454175413722904,32.42961228508805,5.687386274683562,0.0,0.0,220.3062177385082,57.419097748318315,37.519098584026814,126.7635388235419,21.34442225804839,0.0,22.553896272981408,0.0
C=CCc1cccc(CNc2nc3ccccc3n2CCC)c1O,0,142.0180294502484,14.990415646638391,5.749511833283905,0.0,5.948339280986494,0.0,0.0,0.0,4.9839785209472085,0.0,6.578935683598497,43.331592648832554,30.537828874472233,18.652964303522147,11.033401435232523,5.106527394840706,16.981740716219015,0.0,9.551078168738563,0.0,32.85489325736779,5.316788604006331,66.24642825305764,0.0,5.749511833283905,5.316788604006331,5.948339280986494,5.749511833283905,0.0,14.657605563579269,19.51033443475116,0.0,24.471461806010627,55.11952526966365,0.0,11.033401435232523,0.0
Cl.Cl.O=S(=O)(c1cccc2cnccc12)N1CCCNCC1,0,142.52825330195785,5.316788604006331,0.0,0.0,10.023291153407584,0.0,0.0,4.9839785209472085,8.417796984328938,4.305215991296234,24.814066322359952,12.13273413692322,25.098312165761808,42.80040478989347,4.895483475517775,8.417796984328938,45.609805904697126,0.0,14.605983116249774,0.0,11.316305098443785,26.1790256236503,36.6591554170726,0.0,0.0,5.316788604006331,0.0,0.0,24.814066322359952,43.886017120222675,10.023291153407584,0.0,6.4208216229260096,41.55463889259037,0.0,10.772448428929591,0.0
Cc1[nH]c2ccccc2c1CCNCc1ccc(/C=C/C(=O)NO)cc1,1,152.25383276583636,10.30076712495354,0.0,0.0,0.0,5.907179729351506,0.0,10.001790208849112,5.480096598121202,0.0,0.0,42.46456947923127,48.72205687891569,29.217629439675974,0.0,10.001790208849112,22.88612476826644,0.0,15.780863723074742,0.0,19.88931522852921,6.544756405912575,76.99123912446622,0.0,0.0,10.796885202127534,0.0,0.0,0.0,22.64316768098858,17.760115212910407,6.923737199690624,22.384282469939446,54.60695665452676,0.0,16.978945038914937,0.0
Cc1ccc(F)c(NC(=O)Nc2ccc(-c3cccc4[nH]nc(N)c34)cc2)c1,0,160.12107482971774,16.367244685174846,5.817220841045895,5.817862777835028,0.0,0.0,6.031114512338072,5.098681808301038,9.184952231746642,5.098681808301038,0.0,30.33183534230805,53.94592701708966,5.687386274683562,16.59031120676462,9.184952231746642,34.12667477162128,0.0,10.197363616602075,0.0,6.923737199690624,16.367244685174846,72.044343017359,0.0,11.126902983393991,16.367244685174846,26.377587558948793,0.0,0.0,16.228478128940147,0.0,12.740958040736519,5.563451491696996,60.6636706846161,0.0,22.02982791547505,0.0
CS(=O)(=O)CCNCc1ccc(-c2ccc3ncnc(Nc4ccc(OCc5cccc(F)c5)c(Cl)c4)c3c2)o1,0,235.65015567569458,19.78759109886606,51.676545465608676,0.0,0.0,0.0,0.0,0.0,22.776169073898174,0.0,0.0,23.733674027155736,66.2271221763131,29.437587570269333,22.836944044016953,21.962225922857154,43.84636701124967,0.0,15.284745645900749,0.0,13.151638370425493,23.8701678001771,101.28727796166254,0.0,17.07321074385534,15.370440161812711,15.89566410019341,5.749511833283905,11.600939890232516,36.939133222394126,22.988891506842997,5.817220841045895,11.323698910571437,83.54087583335722,5.022633313741326,22.226623842652494,0.0
CCc1c2c(nc3ccc(O)cc13)-c1cc3c(c(=O)n1C2)COC(=O)[C@]3(O)CC,1,165.75236084788537,19.517017391272816,12.356393797796823,5.601050810983688,0.0,5.559266895052007,5.969305287951849,4.794537184071822,9.77851570501903,0.0,0.0,13.847474399381248,42.67056301139546,16.513127197858786,29.012764604922754,19.744454927553285,16.872230220032904,0.0,9.551078168738563,0.0,45.44180682664245,0.0,56.87307831975825,0.0,17.137367822980828,5.559266895052007,0.0,5.749511833283905,0.0,25.733438246371826,34.704910942207064,0.0,42.52210198909523,29.060005457918262,0.0,22.29078092177798,0.0
CC/C(=C(\c1ccccc1)c1ccc(OCCN(C)C)cc1)c1ccccc1,0,168.6489043143239,9.636772684650527,12.356393797796823,0.0,0.0,0.0,0.0,0.0,0.0,0.0,0.0,79.72014202122996,60.48546326043312,6.544756405912575,0.0,4.736862953800049,11.146209060138535,0.0,4.899909730850478,0.0,13.344558822616634,27.246982335779872,101.61949343355356,0.0,5.749511833283905,4.736862953800049,0.0,5.749511833283905,0.0,32.14689206663035,0.0,0.0,30.034913297707618,84.92913895846256,0.0,11.146209060138535,0.0
CCCCC(=O)OCC(=O)[C@]1(O)Cc2c(O)c3c(c(O)c2[C@@H](O[C@H]2C[C@H](NC(=O)C(F)(F)F)[C@H](O)[C@H](C)O2)C1)C(=O)c1c(OC)cccc1C3=O,0,287.98492520111586,44.69034999856935,28.953552698583707,18.68015364021307,11.566489892729878,0.0,18.05278353474683,23.97268592035911,0.0,13.171245143024459,0.0,25.477292959539852,19.410925891078243,42.37364096679502,42.04992562101309,76.51749245794659,29.22621985639817,0.0,5.316788604006331,0.0,94.79352018709254,13.716679505790452,51.579810155566804,0.0,17.248535499851716,10.05365155780638,13.171245143024459,17.248535499851716,0.0,99.68615860395839,35.01502203654162,0.0,95.02533222008522,18.19910120538483,0.0,0.0,0.0
CC(=O)NC(CS)C(=O)O,0,64.02122628470927,10.423315998847038,6.041840829147961,0.0,5.907179729351506,0.0,5.969305287951849,4.794537184071822,4.794537184071822,12.628789148012991,0.0,0.0,0.0,12.676590806437414,0.0,14.69560176298435,24.505274165316344,0.0,5.316788604006331,0.0,12.965578028838586,5.752853606746789,0.0,0.0,0.0,5.316788604006331,0.0,0.0,12.628789148012991,28.77770684803881,9.589074368143644,0.0,6.923737199690624,0.0,0.0,0.0,0.0
Cc1c[nH]c2nccc(Oc3c(F)cc(Nc4cc(Cl)nc(N)n4)cc3F)c12,0,162.09793768447244,20.771297555915773,22.367661648779453,17.383953515375694,5.948339280986494,0.0,0.0,0.0,18.748787137244058,4.9839785209472085,0.0,11.600939890232516,18.55355575984923,36.28017462329454,5.386224214464796,13.517693049149688,40.087929658970126,0.0,19.935914083788834,0.0,6.923737199690624,11.050456081168516,59.01015840775417,0.0,11.49902366656781,15.787319034968565,26.234418428854724,11.49902366656781,11.600939890232516,19.935914083788834,0.0,18.558178881782414,5.563451491696996,36.65915541707259,5.153109816892792,11.033401435232523,0.0
CC1=[N+](C2=C(N1CCOC)C(=O)C3=CC=CC=C3C2=O)CC4=NC=CN=C4.[Br-],1,172.33169405795843,21.718313805926332,18.78344080667361,0.0,22.9543458824268,5.824404497999927,0.0,19.55703141003806,9.13419929558271,0.0,0.0,24.26546827384644,0.0,37.5541248675883,12.803725536125995,35.87448782186133,11.566489892729878,0.0,14.53505668968577,0.0,20.013250011515776,13.716679505790452,76.88909045462496,0.0,0.0,21.54855049991764,0.0,0.0,0.0,39.8182260882061,17.8263757656252,6.923737199690624,43.62216583408294,42.85599898868567,0.0,0.0,0.0
CCN1CCN(Cc2ccc(Nc3ncc(F)c(-c4cc(F)c5nc(C)n(C(C)C)c5c4)n3)nc2)CC1.CS(=O)(=O)O,0,243.9335216074231,14.783797982648164,22.85289598829968,11.63444168209179,5.948339280986494,10.118126859033554,0.0,9.452659604540841,28.716744179138473,8.417796984328938,0.0,12.990104268152233,51.078520702066264,50.5259179220209,17.969313472740744,21.75137695336894,32.9177303530876,0.0,34.302833193281145,0.0,40.281546033823034,44.29633981708061,59.6814530888613,0.0,11.257379486545457,5.316788604006331,20.547032154171163,0.0,0.0,86.25293126437472,16.662883264946128,18.558178881782414,38.20090841791675,36.6591554170726,0.0,22.29078092177798,0.0
Cc1nc(Nc2ncc(C(=O)Nc3c(C)cccc3Cl)s2)cc(N2CCN(CCO)CC2)n1,0,201.00196040766053,20.640014333703846,22.337277247371283,5.131558479839333,0.0,5.907179729351506,0.0,9.694446914922299,14.951935562841626,0.0,0.0,35.07045990509047,25.477292959539852,38.790149098024486,23.513745124550884,9.901064578912528,51.299575807711705,0.0,19.851845293692104,0.0,13.847474399381248,54.86415093293893,51.74994834259906,0.0,0.0,15.53348693886314,22.454670310192952,0.0,22.937725768167255,70.1962164119601,0.0,13.847474399381248,21.059540367470042,30.462311845459514,5.022633313741326,0.0,0.0
CC(C)(CC1=CC2=CC=CC=C2C=C1)NCC(COC3=C(C(=CC=C3)Cl)C#N)O,0,176.2431858461304,15.160178952647085,30.09303299003439,0.0,0.0,0.0,0.0,0.0,0.0,5.261891554738487,0.0,60.1318764379254,48.73693007985706,12.08368165829592,5.022633313741326,9.843390348640755,22.373388319162107,5.261891554738487,5.316788604006331,0.0,31.911187662438905,13.151638370425493,76.81320698175143,0.0,11.818733146076179,10.05365155780638,0.0,5.749511833283905,11.600939890232516,29.90105740539785,6.4208216229260096,11.33111286753076,24.974377382775238,60.6636706846161,5.022633313741326,10.772448428929591,0.0
O=S(=O)(NCCSSCCNS(=O)(=O)c1cc(Cl)ccc1Cl)c1cc(Cl)ccc1Cl,0,203.42878897980052,0.0,9.79096695103555,0.0,20.046582306815168,0.0,0.0,0.0,26.279783697562053,0.0,0.0,67.99155551370352,36.39820241076966,34.64048665280138,10.045266627482652,16.835593968657875,88.03813782051867,0.0,9.444189728904176,0.0,9.79096695103555,24.595220025318728,56.48873566573496,0.0,0.0,9.444189728904176,0.0,0.0,67.99155551370352,41.4308139939766,20.046582306815168,0.0,0.0,46.189169361805206,20.090533254965305,0.0,0.0
C[C@H]1O[C@@H](O[C@H]2[C@@H](O)C[C@H](O[C@H]3[C@@H](O)C[C@H](O[C@H]4CC[C@@]5(C)[C@H](CC[C@@H]6[C@@H]5C[C@@H](O)[C@]5(C)[C@@H](C7=CC(=O)OC7)CC[C@]65O)C4)O[C@@H]3C)O[C@@H]2C)C[C@H](O)[C@@H]1O,1,323.3224245630436,63.79720504564457,24.918781127757825,18.870080188005637,0.0,0.0,5.969305287951849,0.0,4.794537184071822,0.0,0.0,13.847474399381248,106.79750376659157,30.75347544500869,54.4327819129701,68.59174222971639,5.969305287951849,0.0,0.0,34.501605123439134,196.86248511485988,6.606881964512918,11.64912463690315,0.0,0.0,0.0,0.0,0.0,0.0,134.83011288572968,37.952577860672164,34.501605123439134,105.24772385063923,11.64912463690315,0.0,0.0,0.0
CN(C)CC[C@H](CSc1ccccc1)Nc1ccc(S(=O)(=O)NC(=O)c2ccc(N3CCN(Cc4ccccc4-c4ccc(Cl)cc4)CC3)cc2)cc1[N+](=O)[O-],1,337.4141295080148,15.116608065707286,5.687386274683562,0.0,0.0,21.61785715744265,0.0,19.80876518368787,13.139891848781026,0.0,11.761884949391115,66.19824350638702,104.41494715390007,71.75379808955888,9.818794524335445,18.13564521721843,56.35545454643341,0.0,14.521914326153045,0.0,28.798385809022097,62.78867793652084,147.59119593513313,0.0,11.126902983393991,14.938793199308897,17.062158824050687,0.0,23.36282483962363,87.66192765501108,16.56804755932016,10.114318268765572,22.34226179039182,131.1183083202678,5.022633313741326,11.126902983393991,0.0
CC(C)(C)OC(=O)Nc1ccc(-c2cc(C(=O)NCCCCCCC(=O)NO)no2)cc1,0,186.19404869564585,14.576746494779727,5.601050810983688,11.454175413722904,5.907179729351506,5.907179729351506,6.093240070938415,20.113115996927267,10.274633782193025,0.0,0.0,17.998306502977464,57.87832311877034,30.282782863680755,0.0,28.85082246776615,23.59498580432499,0.0,15.953548459252978,0.0,58.47637052468562,11.861545009918906,36.02576333715651,0.0,11.323698910571437,16.113673806133864,10.481923458755384,0.0,0.0,40.41732302844042,9.53140013787187,0.0,63.36378489262222,34.8549302792814,0.0,11.323698910571437,0.0
C[C@]1(c2nc3c(C(N)=O)cccc3[nH]2)CCCN1.Cl.Cl,0,129.08315907180676,16.034434602115724,11.341105215616189,0.0,0.0,5.907179729351506,0.0,4.794537184071822,4.9839785209472085,0.0,24.814066322359952,6.06636706846161,38.44287098837844,0.0,16.619077461696605,4.794537184071822,41.75464748694398,0.0,15.284745645900749,5.733667477162185,25.304305697925987,6.544756405912575,29.58695719508175,0.0,0.0,11.050456081168516,0.0,0.0,24.814066322359952,22.4198931771585,5.538925252383345,0.0,35.94777361931139,18.19910120538483,0.0,11.033401435232523,0.0
Cc1ccc(Nc2nccc(N(C)c3ccc4c(C)n(C)nc4c3)n2)cc1S(N)(=O)=O,0,180.14391638303977,10.216698334856808,5.817862777835028,0.0,15.97163043439408,0.0,0.0,4.681802935145185,18.54074924288409,10.082660329248245,0.0,6.06636706846161,55.809128301847906,42.74711229564783,10.412184193134037,8.417796984328938,44.06719069367729,0.0,19.74844178534064,12.186645720285131,18.742957874899023,17.264370317534,59.9187925373898,0.0,0.0,15.355672072464749,23.140974608188646,0.0,0.0,35.21391075234676,17.070963136084774,13.847474399381248,11.257379486545457,53.556896526362124,0.0,10.902924932081056,0.0
CO[C@H]1C(=O)[C@]2(C)[C@@H](OC)C[C@H]3OC[C@@]3(OC(C)=O)[C@H]2[C@H](OC(=O)c2ccccc2)[C@]2(O)C[C@H](OC(=O)[C@H](O)[C@@H](NC(=O)OC(C)(C)C)c3ccccc3)C(C)=C1C2(C)C,0,349.55941624911475,48.687884070288085,35.61796717296058,17.488262145096932,0.0,0.0,24.001155934793964,9.589074368143644,14.383611552215466,0.0,0.0,62.37841094707413,63.46108068721187,39.39996599749448,35.649037188664344,67.34378138664086,29.784400881158902,0.0,5.316788604006331,16.747886984954953,127.70033243196582,20.826477047067986,82.93678272814864,0.0,0.0,5.316788604006331,4.794537184071822,0.0,0.0,114.25088347734919,47.541652228815806,16.747886984954953,90.19482183999077,71.80987974475464,0.0,0.0,0.0
CC1(C)CCC(c2ccc(Cl)cc2)=C(CN2CCN(c3ccc(C(=O)NS(=O)(=O)c4ccc(N[C@H](CCN5CCOCC5)CSc5ccccc5)c(S(=O)(=O)C(F)(F)F)c4)cc3)CC2)C1,1,389.2527073186431,14.953561288656857,4.895483475517775,0.0,0.0,25.76772401917659,5.508330501264255,14.594356645772777,21.557688833109964,13.171245143024459,11.761884949391115,61.35335416199108,108.96487073594483,85.321700238835,23.796633679227174,39.53823924955421,66.07842593823662,0.0,14.521914326153045,5.41499046939678,65.76738264805084,81.54136711793002,118.7845139225904,0.0,0.0,14.938793199308897,24.546017692391587,0.0,23.36282483962363,115.41743327319577,24.597407243625135,5.41499046939678,55.4522010585511,117.32142805200841,5.022633313741326,5.573104530069267,0.0
O=C1NC(=O)C(c2cnc3ccccn23)=C1c1cn2c3c(cc(F)cc13)CN(C(=O)N1CCCCC1)CC2,0,216.683884362521,14.366919109492311,11.464398061813622,0.0,0.0,11.814359458703011,6.031114512338072,19.30655757841177,14.16893075269385,0.0,0.0,6.06636706846161,49.09138463432147,56.06714487895081,28.55368134421633,18.774026599890284,45.5417851840284,0.0,29.068380840707643,0.0,32.35197768060318,19.634269217737724,71.56041787643564,0.0,0.0,5.316788604006331,9.184952231746642,0.0,0.0,61.23133542548012,22.678587179968794,5.817220841045895,36.08329584702048,48.92236605714727,0.0,27.696311212987318,0.0
CN1CCc2c(c3ccccc3n2Cc2ccc(C(=O)NO)cc2)C1,0,145.99260550328543,9.467009378641833,0.0,0.0,0.0,5.907179729351506,0.0,10.001790208849112,5.480096598121202,0.0,0.0,30.33183534230805,36.37367617145601,48.21539525929025,0.0,10.001790208849112,16.81010466143256,0.0,14.947105976763035,0.0,19.51033443475116,13.592428388589765,70.91521901763234,0.0,0.0,5.480096598121202,0.0,0.0,0.0,34.17387052136039,19.51033443475116,0.0,27.178819654011267,48.53093654769288,0.0,10.902924932081056,0.0
CCN(CC)CCOC1=CC=C(C=C1)NC2=NC=C3C=C(C(=O)N(C3=N2)C)C4=C(C=CC=C4Cl)Cl,1,213.84206193069676,14.953561288656857,18.00357101856455,0.0,5.948339280986494,5.559266895052007,0.0,9.361636831863176,4.9839785209472085,4.9839785209472085,0.0,43.11572124830789,55.55408229105642,36.4263339410482,15.608718119179649,4.736862953800049,45.87100677136761,0.0,19.43496642053625,7.04767198267719,13.847474399381248,31.557939786256973,75.12685082591244,0.0,16.876414816677897,15.612918452858386,11.635725555670057,5.749511833283905,23.20187978046503,45.676117602786896,7.04767198267719,0.0,13.847474399381248,59.522317303377775,10.045266627482652,22.160304418626513,0.0
COc1cc(Nc2ncc3c(n2)-c2ccc(Cl)cc2C(c2c(F)cccc2OC)=NC3)ccc1C(=O)O,1,215.95769372856546,19.897041906447136,22.879695999310698,0.0,5.948339280986494,0.0,5.969305287951849,4.992404732635669,19.152909273641058,0.0,0.0,23.733674027155736,36.39820241076966,39.66358470359056,37.7334159777838,23.765205534187444,34.91765573662512,0.0,9.967957041894417,4.992404732635669,6.544756405912575,19.536383686561397,93.88780730934279,0.0,22.756403153113265,14.790514511606428,16.026140603344878,11.49902366656781,11.600939890232516,40.97506981001274,6.544756405912575,5.817220841045895,27.048343150859804,65.78655192040324,5.022633313741326,11.257379486545457,0.0
CC(=O)c1c(C)c2cnc(Nc3ccc(N4CCNCC4)cn3)nc2n(C2CCCC2)c1=O.Cl,0,203.96206382343487,15.533486938863138,11.465039998602755,5.783244946364939,5.948339280986494,5.559266895052008,0.0,14.156174015934997,9.967957041894417,4.9839785209472085,12.407033161179976,12.841643245852019,44.38530327385348,43.80393423887613,17.447681337993636,4.794537184071822,46.67726787628252,0.0,24.835823814639312,0.0,45.57260172023325,36.39572395850711,46.007128342667194,0.0,0.0,21.092753833915147,17.453588333505085,0.0,12.407033161179976,51.48130578064822,0.0,6.923737199690624,54.57030468800845,29.320958464221192,0.0,11.033401435232523,0.0
CC1=NC(=CC=C1)C2=C(N=C(N2)CNC3=CC=CC=C3F)C4=CN5C(=NC=N5)C=C4,0,171.22233386143395,10.30076712495354,17.968945413810363,5.647177220767728,0.0,0.0,0.0,4.9839785209472085,18.87376998318486,5.098681808301038,0.0,18.19910120538483,43.321939610460284,17.454223058158533,29.31392666514152,4.39041504767482,11.33456349545129,0.0,29.549993785705492,0.0,13.4684936056032,5.316788604006331,84.4570205964264,0.0,22.645235476242377,5.316788604006331,10.077801322358383,0.0,0.0,29.549993785705492,6.544756405912575,12.740958040736519,11.518332492848387,67.12146726253211,0.0,28.292412697010104,0.0
NS(=O)(=O)OC[C@H]1C[C@@H](Nc2ncncc2C(=O)c2ccn(Cc3cccc(Br)c3)n2)C[C@@H]1O,0,204.3022080486044,10.423315998847038,17.83911084744803,0.0,5.783244946364939,0.0,10.304164876023634,13.659425551866715,15.10693077950236,13.516478792629975,0.0,28.06267803487257,36.60419594293384,28.82615353436792,24.81905624987079,22.501946995891174,37.83521649817295,0.0,19.74844178534064,11.056879783769336,31.532206868660857,11.923670568519249,70.34639305437362,0.0,0.0,10.455762341614273,5.817862777835028,0.0,15.929943897949348,57.8087002922844,21.03200671458592,5.917906046161393,34.457011408166295,53.52556207613116,0.0,0.0,0.0
CC1=CC=C(C=C1)C(=O)N(CCCN)C(C2=C(C(=O)C3=C(O2)C=C(C=C3)Cl)CC4=CC=CC=C4)C(C)C.Cl,0,234.56062207807003,15.05072814506601,11.343267560516685,5.428790391900541,0.0,5.907179729351506,0.0,9.589074368143644,0.0,0.0,12.407033161179976,73.47643526054202,55.63614104023403,35.18148139443551,11.428065043612756,9.211688121125169,40.88439713687104,0.0,4.899909730850478,11.651573523323577,39.654695674071846,13.08951281182515,116.05641909691548,0.0,0.0,11.162457869062726,0.0,0.0,24.007973051412492,23.896602272027135,6.4208216229260096,12.841643245852017,59.11872742118946,82.0080929426645,5.022633313741326,10.969244356107037,0.0
O=C(Cc1ccc(-c2ccc(OCCN3CCOCC3)cc2)cn1)NCc1ccccc1,0,188.7421958014807,14.790514511606428,12.356393797796823,0.0,5.907179729351506,0.0,0.0,14.678425435869507,0.0,0.0,0.0,48.53093654769288,29.32600418877882,43.63324868180883,19.634585551951847,14.268263091671919,5.907179729351506,0.0,15.200676855804016,0.0,12.965578028838586,39.45491511127648,84.18426081123626,0.0,16.876414816677897,10.05365155780638,0.0,5.749511833283905,0.0,55.24598309242567,22.496978166710456,0.0,11.257379486545457,72.9268813246908,0.0,11.126902983393991,0.0
O=C(NC1CC1)c1cc(-c2cccs2)on1,0,96.25951573447416,9.83988354097968,0.0,11.454175413722904,0.0,5.907179729351506,0.0,4.794537184071822,0.0,0.0,11.336785877934737,11.223030325587056,24.288073084779544,12.10820789760957,4.877147193701299,9.31763212104517,17.243965607286242,0.0,10.473451861131776,0.0,18.88348407499998,0.0,29.273091970699205,0.0,10.637394612575742,5.316788604006331,0.0,0.0,11.336785877934737,17.10568381562491,0.0,0.0,23.330108424772302,28.102258912824094,0.0,10.637394612575742,0.0
Nc1ccc2ncnc(NCCc3ccc(Oc4ccccc4)cc3)c2c1,0,157.3997343641741,15.787319034968565,23.64420651916738,0.0,0.0,0.0,0.0,0.0,9.967957041894417,0.0,0.0,30.33183534230805,54.44884259385427,17.618366895060934,5.516700717616262,4.736862953800049,22.40817398459965,0.0,9.967957041894417,0.0,6.4208216229260096,17.595212487081092,84.68717638800088,0.0,11.49902366656781,15.787319034968565,11.50524905251859,11.49902366656781,0.0,16.51271344780699,6.4208216229260096,0.0,5.563451491696996,79.12372489630387,0.0,10.902924932081056,0.0
O=C(c1cc(Cc2n[nH]c(=O)c3ccccc23)ccc1F)N1CCN(C(=O)C2CC2)CC1,0,183.38543926796586,9.799819461700956,5.817220841045895,0.0,5.907179729351506,11.466446624403513,0.0,14.383611552215466,9.489096855975857,5.098681808301038,0.0,24.26546827384644,36.60419594293384,43.9039775072025,16.643603701010253,13.979489415818463,22.586807887632602,0.0,19.99718307830303,5.917906046161393,19.26246486877803,26.1790256236503,75.45642537764346,0.0,0.0,5.559266895052008,4.39041504767482,0.0,0.0,57.99056816065633,11.21535880699783,11.735126887207288,34.457011408166295,47.25910666330309,0.0,10.772448428929591,0.0
CC1=C(C=C(C=C1F)C(=O)NC2CC2)C3=NC=C(C=C3)C(=O)NCC(C)(C)C,0,164.30498138157085,10.633577208012662,5.817220841045895,0.0,0.0,11.814359458703011,0.0,14.573052889090853,4.39041504767482,0.0,0.0,20.771211599071872,55.009290680482856,29.910343790067603,11.257379486545457,13.979489415818463,11.814359458703011,0.0,15.617555728959871,5.41499046939678,46.578432873762466,6.544756405912575,52.9698871615964,0.0,11.257379486545457,10.633577208012662,4.39041504767482,0.0,0.0,29.384935214710755,0.0,18.1559485101333,59.892283688158514,30.462311845459517,0.0,11.257379486545457,0.0
Cn1ncnc1C1c2n[nH]c(=O)c3cc(F)cc(c23)NC1c1ccc(F)cc1,0,156.5933373107302,5.316788604006331,23.78616625485626,0.0,0.0,5.559266895052008,0.0,9.476340119217006,18.863490424597884,10.197363616602075,0.0,12.13273413692322,29.828919765543436,18.12128247182555,23.03989908462261,8.78083009534964,16.459834703613154,0.0,24.961826880995506,7.04767198267719,11.959746875309353,5.316788604006331,81.79555223129522,0.0,0.0,10.876055499058339,14.468216370033202,0.0,0.0,24.961826880995506,7.04767198267719,11.63444168209179,29.04153085985474,47.52005966960602,0.0,10.772448428929591,0.0
CNC(=O)c1ccc(-c2cnc3ncc(Cc4ccc5ncccc5c4)n3n2)cc1F,0,176.1642079805312,5.316788604006331,11.511148835894357,0.0,0.0,11.684833453270699,0.0,9.77851570501903,18.873769983184857,5.098681808301038,0.0,18.19910120538483,35.89528683400505,30.615012883378068,29.167767347387873,9.184952231746642,22.587758385351755,0.0,29.88280386876462,0.0,6.4208216229260096,7.04767198267719,89.75951908182049,0.0,11.257379486545457,5.316788604006331,4.39041504767482,0.0,0.0,37.52086697678698,6.4208216229260096,5.817220841045895,21.615368162314272,67.12146726253211,0.0,27.93795814254571,0.0
CC1(C)CCC(CN2CCN(c3ccc(C(=O)NS(=O)(=O)c4ccc(NCC5CCOCC5)c([N+](=O)[O-])c4)c(Oc4cnc5[nH]ccc5c4)c3)CC2)=C(c2ccc(Cl)cc2)C1,0,360.02992657502205,24.674402763404114,22.8335871620191,0.0,0.0,21.61785715744265,0.0,19.80876518368787,18.123870369728234,0.0,0.0,43.15425295660625,103.1044971996474,86.90812387592727,21.579089587645516,27.609371124818527,61.20007556234408,0.0,19.589961637196982,11.332896515558172,50.84706598952907,62.69900069935808,117.02705106073567,0.0,11.49902366656781,19.675656153108946,17.062158824050687,11.49902366656781,11.600939890232516,86.59845689974429,14.760154107207633,21.447214784323744,61.87302268147711,95.65867997035254,5.022633313741326,16.606505965301793,0.0
Cc1ccc(-n2nc(C(C)(C)C)cc2NC(=O)Nc2ccc(OCCN3CCOCC3)c3ccccc23)cc1,0,229.45613433602813,14.790514511606428,18.17425657563185,0.0,0.0,0.0,6.031114512338072,10.216698334856808,9.476340119217006,5.098681808301038,0.0,62.73286550153853,31.18920547353706,41.88807518452571,30.282464473241422,14.268263091671919,28.308811993786254,0.0,14.680394474296701,0.0,33.10993926815928,50.08849231928914,77.98741723962318,0.0,11.436898107967467,15.370440161812711,16.29978623659041,5.749511833283905,0.0,60.166424097911246,10.15185342319683,6.923737199690624,32.02859108561733,66.73003775307771,0.0,16.459834703613154,0.0
CS(=O)CCCCN=C=S,0,69.1923185364535,0.0,0.0,0.0,0.0,0.0,0.0,4.208898492164469,4.992404732635669,0.0,0.0,0.0,25.059516688898714,29.35294823907508,5.1612618521255476,4.208898492164469,28.17870433807655,0.0,0.0,4.992404732635669,12.841643245852019,18.55337919617077,0.0,0.0,0.0,0.0,0.0,0.0,12.217873443046695,27.923539540460787,10.799569042904308,0.0,12.841643245852019,4.992404732635669,0.0,0.0,0.0
c1cc(CN2CCCNCCNCCCNCC2)ccc1CN1CCCNCCNCCCNCC1,0,220.26730777121892,31.900731624037984,0.0,0.0,0.0,0.0,0.0,9.799819461700956,0.0,0.0,0.0,24.26546827384644,89.16824072239865,65.44756405912574,0.0,0.0,0.0,0.0,41.700551085738944,0.0,38.7727993035292,104.71610249460122,35.392371257240434,0.0,0.0,31.900731624037984,0.0,0.0,0.0,114.5159219563022,13.08951281182515,0.0,36.81018947509803,24.26546827384644,0.0,0.0,0.0
COC(=O)c1ccc([C@H]2c3[nH]c4ccccc4c3C[C@H](C(=O)OC)N2C(=O)CCl)cc1,1,183.43272681058085,19.357614159397784,11.9218442741183,0.0,5.907179729351506,0.0,11.938610575903699,4.794537184071822,9.589074368143644,0.0,11.600939890232516,30.33183534230805,29.32600418877882,23.017674549855528,25.824887403400023,23.85733745981556,40.34965512756878,0.0,9.883888251797686,0.0,18.504503281221933,20.099598527525405,70.91521901763234,0.0,0.0,0.0,0.0,0.0,11.600939890232516,53.87111791372626,25.48362189866975,0.0,33.220660483159236,48.53093654769288,0.0,10.902924932081056,0.0
FC(F)(F)c1ccc(CNc2ccc(Cc3c[nH]c4ncc(Cl)cc34)cn2)cn1,0,168.53992138967226,10.30076712495354,17.158967993451217,0.0,0.0,0.0,6.176298517443475,4.9839785209472085,9.967957041894417,13.171245143024459,0.0,23.733674027155736,34.88945568047582,43.13917652975569,5.022633313741326,13.171245143024459,28.45220410330007,0.0,19.935914083788834,0.0,19.14187654628206,5.316788604006331,82.52612541244112,0.0,0.0,5.316788604006331,18.98910792085949,0.0,11.600939890232516,19.935914083788834,19.14187654628206,0.0,22.384282469939446,55.11920962876036,5.022633313741326,11.033401435232523,0.0
[2H]C([2H])([2H])C([2H])([2H])C(=C(c1ccc(O)cc1)c1ccc(OCCN(C)C)cc1)c1ccccc1,0,180.46799056735892,14.743300079491233,18.105905631080727,0.0,0.0,0.0,0.0,0.0,0.0,0.0,0.0,61.44919573345017,72.57030067575971,13.398549186763677,0.0,16.697183129491854,11.146209060138535,0.0,4.899909730850478,0.0,13.224817018625059,27.246982335779872,95.55312636509196,0.0,11.49902366656781,4.736862953800049,0.0,11.49902366656781,0.0,37.253419461471054,0.0,0.0,36.768964274567146,78.86277189000094,0.0,11.146209060138535,0.0
O=C(/C=C/c1cccc(S(=O)(=O)Nc2ccccc2)c1)NO,0,127.66401524791551,0.0,0.0,0.0,0.0,15.930470882759089,0.0,14.7238850733012,13.89789358245014,0.0,0.0,30.33183534230805,35.90493987237732,11.763406381517443,4.895483475517775,18.41958719317805,27.69387726427653,0.0,5.480096598121202,0.0,4.895483475517775,4.722094864452088,66.23677521468537,0.0,0.0,10.202191462573289,5.687386274683562,0.0,0.0,19.532229738457733,14.817828337479405,0.0,5.563451491696996,65.56880719850615,0.0,6.076020106833881,0.0
C/C=C1\NC(=O)[C@H]2CSSCC/C=C/[C@H](CC(=O)N[C@H](C(C)C)C(=O)N2)OC(=O)[C@H](C(C)C)NC1=O,1,219.50883788876257,26.004017369825373,29.92652818824802,0.0,17.721539188054518,5.907179729351506,5.969305287951849,19.178148736287287,4.794537184071822,0.0,0.0,61.43478496520369,31.256391021773297,11.505707213493578,6.4208216229260096,28.709548874159157,51.185820158131314,0.0,21.267154416025324,11.835812092322787,71.68981811949732,11.505707213493578,23.925099633557476,0.0,0.0,21.267154416025324,0.0,0.0,21.587795952773448,65.33322029404363,28.709548874159157,11.835812092322787,47.46032924430513,23.925099633557476,0.0,0.0,0.0
CC(C)CC(NC(=O)C(CCc1ccccc1)NC(=O)CN1CCOCC1)C(=O)NC(Cc1ccccc1)C(=O)NC(CC(C)C)C(=O)C1(C)CO1,1,307.68919758547565,30.740880323625422,23.726573298427567,5.783244946364939,23.628718917406022,0.0,0.0,28.872595651209586,0.0,0.0,0.0,88.35861948337859,55.56973876711143,19.510334434751158,32.40724312859929,33.44641182795921,29.41196386377096,0.0,26.167064146875802,11.835812092322787,96.4912082406587,39.45491511127648,71.7905736680101,0.0,0.0,21.267154416025324,0.0,0.0,0.0,103.53520283347346,46.28805507381122,11.835812092322787,65.00805385062513,60.6636706846161,0.0,0.0,0.0
C=C1C[C@@H]2[C@H](CC[C@]3(C)C(=O)CC[C@@H]23)[C@@]2(C)C=CC(=O)C=C12,0,131.90406169078295,0.0,5.783244946364939,5.783244946364939,0.0,0.0,0.0,9.589074368143644,0.0,0.0,0.0,32.075534719882896,61.16214937392524,17.25080256171957,0.0,9.589074368143644,11.566489892729878,0.0,0.0,28.58369907727774,45.95158251401129,0.0,35.953205064238674,0.0,0.0,0.0,0.0,0.0,0.0,11.566489892729878,9.589074368143644,28.58369907727774,45.95158251401129,35.953205064238674,0.0,0.0,0.0
CCC1C(=O)N(C2=CN=C(N=C2N1C(C)C)NC3=C(C=C(C=C3)C(=O)NC4CCC(CC4)N5CCN(CC5)CC6CC6)OC)C,0,267.23872789647965,30.070169354364143,17.478738937115427,5.817862777835028,11.855519010338,5.907179729351506,0.0,14.488984098994122,4.9839785209472085,4.9839785209472085,0.0,6.923737199690624,82.91023301140956,63.46042799138093,18.99402738757417,14.325937321943693,34.95533406689166,0.0,25.084565107601705,5.917906046161393,89.8843262761458,61.99785961922488,29.9593962686949,0.0,5.749511833283905,25.170259623513665,23.140974608188646,5.749511833283905,0.0,102.63075083240783,4.794537184071822,5.917906046161393,76.07495163532278,24.395944776997904,0.0,0.0,0.0
CN1CCN(CCOc2cc(OC3CCOCC3)c3c(Nc4c(Cl)ccc5c4OCO5)ncnc3c2)CC1,0,226.27673374418833,33.90101310385705,42.04244114611217,11.49902366656781,6.792942306099827,0.0,0.0,4.899909730850478,9.967957041894417,0.0,0.0,11.600939890232516,19.18040611960041,57.69815941233811,29.139322174848218,23.684314769000245,34.00911387483216,0.0,19.76777650359537,0.0,18.94560963360032,71.70183081588497,35.615421662352304,0.0,22.99804733313562,24.264240419206526,11.50524905251859,22.99804733313562,11.600939890232516,92.25678510322231,4.736862953800049,0.0,12.841643245852019,30.59278834861098,5.022633313741326,10.902924932081056,0.0
CC(C)n1cc(-c2ccc3c(c2)N(C)CC3)c2c(NS(=O)(=O)c3ccn(C)n3)ccnc21,0,187.09250480235073,9.467009378641833,5.647177220767728,5.025959978669241,0.0,10.023291153407584,0.0,9.403897799597273,4.9839785209472085,13.516478792629975,0.0,12.13273413692322,49.59430021108608,56.5233096816347,11.073610489148358,8.417796984328938,32.43146513800723,0.0,19.331562912184786,7.04767198267719,31.33609683012446,23.214432983892333,54.48581754884428,0.0,11.126902983393991,9.622004595302567,11.374772549367124,0.0,0.0,41.34178828510349,23.491784759010784,0.0,25.452766720226204,53.94832603581652,0.0,22.160304418626513,0.0
CN(C)C/C=C/C(=O)Nc1cc2c(Nc3ccc(F)c(Cl)c3)ncnc2cc1O[C@H]1CCOC1,0,201.2804170037267,25.007212846463236,29.815881914677668,0.0,5.907179729351506,0.0,0.0,4.794537184071822,14.358372089569237,0.0,0.0,17.676959997066398,38.36081223920082,36.18157569328243,29.44048423506699,18.65867813934674,45.603679878867226,0.0,14.867866772744893,0.0,12.524788010674312,44.487441508305444,59.651049785527576,0.0,5.749511833283905,15.370440161812711,21.58305037487697,5.749511833283905,11.600939890232516,60.73287719013749,9.53140013787187,5.817220841045895,6.4208216229260096,48.81119563074036,5.022633313741326,10.902924932081056,0.0
C[C@]12CC[C@@H]3c4ccc(O)cc4C[C@@H](CCCCCCCCCS(=O)CCCC(F)(F)C(F)(F)F)[C@H]3[C@@H]1CC[C@@H]2O,1,243.6928033558202,10.213054789681411,5.749511833283905,0.0,0.0,0.0,12.098827685538051,4.208898492164469,0.0,21.9520752383741,0.0,51.5150340057083,103.71282475776765,28.726097879323895,6.103966387748303,36.37402852021998,10.799569042904308,0.0,0.0,23.16870860788096,127.35676166302855,11.505707213493578,29.32600418877882,0.0,5.749511833283905,0.0,21.9520752383741,5.749511833283905,0.0,44.13045456862581,17.220390665830315,23.16870860788096,113.86004895021019,18.19910120538483,0.0,0.0,0.0
C1=CC=C(C=C1)CN2C=C(C3=C2C=CC(=C3)C4=CC=C(C=C4)OC(F)(F)F)C(=O)C(=O)O,0,179.83358581912543,14.41048999643211,5.749511833283905,0.0,0.0,5.783244946364939,12.331664146982233,4.794537184071822,4.794537184071822,0.0,13.171245143024459,48.53093654769288,40.95582274893743,23.64452490960671,5.563451491696996,32.60370985980885,22.655475166397842,0.0,4.567099647791355,0.0,12.90711526494296,0.0,90.12015137654642,0.0,16.876414816677897,4.736862953800049,13.171245143024459,5.749511833283905,0.0,27.78853613597923,11.339293589984397,0.0,15.921440167465814,78.99324839315241,0.0,22.029827915475046,0.0
COC1=C(C=C(C=C1)N(C(C2=CC=CS2)C(=O)NCCC3=CC=CC=C3)C(=O)CCl)Cl,1,195.0933673399819,10.05365155780638,17.671356107402204,0.0,11.814359458703011,0.0,0.0,14.48898409899412,0.0,0.0,22.937725768167255,47.99914230100218,41.62980415893536,17.10928987429744,12.13243085501886,14.325937321943691,52.04041139178634,0.0,5.316788604006331,0.0,12.462662452073971,24.434467123010926,81.50696545422164,0.0,5.749511833283905,14.953561288656857,5.687386274683562,5.749511833283905,34.53866565839977,31.348916850863457,16.00989599106965,0.0,16.482439514546254,66.04373345508202,5.022633313741326,0.0,0.0
O=C(O[Na])C(Cl)Cl,0,69.24814334321083,0.0,0.0,0.0,0.0,0.0,69.634067642457,0.0,0.0,0.0,0.0,0.0,0.0,0.0,0.0,7.218848169501248,57.57894978270569,0.0,0.0,0.0,4.836269690250055,0.0,0.0,0.0,0.0,0.0,0.0,0.0,23.20187978046503,39.21333969249071,7.218848169501248,0.0,0.0,0.0,0.0,0.0,0.0
O=C(CCCCCCC(=O)Nc1ccccc1)NO,1,112.52198085364748,5.316788604006331,0.0,0.0,11.814359458703011,0.0,0.0,14.796327392920933,5.480096598121202,0.0,0.0,31.040744451236847,24.974377382775238,18.52902952053558,0.0,14.796327392920933,17.501745733386574,0.0,5.480096598121202,0.0,38.524929737556064,5.316788604006331,30.33183534230805,0.0,0.0,10.796885202127534,5.687386274683562,0.0,0.0,17.0216124834803,9.589074368143644,0.0,38.524929737556064,30.33183534230805,0.0,0.0,0.0
C=CCn1c(=O)c2cnc(Nc3ccc(N4CCN(C)CC4)cc3)nc2n1-c1cccc(C(C)(C)O)n1,1,215.04761939865966,20.223135460547994,10.987275025448483,11.465039998602755,5.948339280986494,5.559266895052008,0.0,4.794537184071822,19.331562912184786,4.9839785209472085,6.578935683598497,12.142387175295491,57.2933487928281,43.7506417446305,12.238684400761036,5.106527394840706,28.35651326558614,0.0,29.215451163982472,0.0,25.99328161627751,43.4433959411843,77.36410091524903,0.0,5.817862777835028,15.775965229908817,17.323111830353618,0.0,0.0,67.54867616515067,12.145807216896262,0.0,19.54140239422971,66.11090602534854,0.0,16.85126421306755,0.0
C=Cc1c(C)c2cc3nc(cc4[nH]c(cc5nc(cc1[nH]2)C(C)=C5CCC(=O)O)c(CCC(=O)OC)c4C)[C@@]1(C)C3=CC=C(C(=O)OC)[C@H]1C(=O)OC,0,305.8648545778289,29.28507329813527,5.917906046161393,0.0,0.0,0.0,23.877221151807397,19.367590073162674,9.77851570501903,0.0,0.0,24.80699600410014,98.21172838375973,40.47189760801406,55.09319960269248,38.49526499252814,68.73935771931411,0.0,19.935914083788834,5.917906046161393,58.79322575986332,21.3293926238326,93.59906664736378,0.0,0.0,0.0,0.0,0.0,0.0,70.24905525426954,45.22454969001022,19.76538044554264,78.1394572143411,48.569548701181965,0.0,44.862136567506724,0.0
Cc1ccc(F)c(NC(=O)Nc2ccc(-c3cccc4[nH]nc(N)c34)cc2)c1,0,160.12107482971774,16.367244685174846,5.817220841045895,5.817862777835028,0.0,0.0,6.031114512338072,5.098681808301038,9.184952231746642,5.098681808301038,0.0,30.33183534230805,53.94592701708966,5.687386274683562,16.59031120676462,9.184952231746642,34.12667477162128,0.0,10.197363616602075,0.0,6.923737199690624,16.367244685174846,72.044343017359,0.0,11.126902983393991,16.367244685174846,26.377587558948793,0.0,0.0,16.228478128940147,0.0,12.740958040736519,5.563451491696996,60.6636706846161,0.0,22.02982791547505,0.0
CC(C)Cc1ccc([C@@H](C)C(=O)NS(C)(=O)=O)cc1,0,114.82310021073673,0.0,0.0,0.0,15.930470882759089,0.0,0.0,9.51663204852391,8.417796984328938,0.0,0.0,38.112942673227685,30.38936785217202,0.0,12.173675229672797,13.212334168400758,15.930470882759089,0.0,4.722094864452088,5.917906046161393,33.10993926815928,6.255769183511404,35.392371257240434,0.0,0.0,4.722094864452088,0.0,0.0,0.0,20.580745897191846,21.238649960405414,5.917906046161393,37.81602062862726,24.26546827384644,0.0,0.0,0.0
O=C(O)CNC(=O)C1C(=O)N(C2CCCCC2)C(=O)N(C2CCCCC2)C1=O,0,162.96208940281045,10.423315998847038,6.544756405912575,5.917906046161393,5.907179729351506,11.814359458703011,12.000419800289922,28.977968197988243,4.794537184071822,0.0,0.0,38.524929737556064,25.683286491704038,12.083681658295921,0.0,29.079213315199812,29.721958988344436,0.0,15.116608065707286,5.917906046161393,76.29189788755603,6.544756405912575,0.0,0.0,0.0,5.316788604006331,4.794537184071822,0.0,0.0,63.25674390909459,19.178148736287287,5.917906046161393,64.20821622926012,0.0,0.0,0.0,0.0
NC(=O)c1ccc(I)c([N+](=O)[O-])c1,0,87.21257187449349,5.733667477162185,0.0,0.0,5.907179729351506,5.687386274683562,0.0,14.908855452837393,0.0,0.0,0.0,0.0,34.723604763991275,11.629818560158606,8.493493319883067,9.717848232889493,34.18543663110312,0.0,0.0,5.733667477162185,0.0,0.0,37.447053236912794,0.0,0.0,5.733667477162185,5.687386274683562,0.0,22.590870627068057,10.830490778169176,0.0,13.684500539830967,10.357988675768818,18.19910120538483,0.0,0.0,0.0
CNC(=O)c1ccccc1Oc1nc(Nc2cc(OC)c(OC)c(OC)c2)ncc1Br,0,187.39257305642982,29.581029023212857,5.749511833283905,11.49902366656781,17.57783945070577,5.907179729351506,0.0,4.794537184071822,4.9839785209472085,4.9839785209472085,0.0,12.13273413692322,28.06267803487257,24.86779239428397,37.56240720297509,23.741988999272017,33.47284918297091,0.0,15.284745645900749,0.0,0.0,33.693853210516124,52.631216989912154,0.0,28.878035669570988,29.581029023212857,11.635725555670057,28.878035669570988,15.929943897949348,44.25220137775572,0.0,0.0,10.357988675768818,47.06776549821516,0.0,0.0,0.0
CC[C@@H]1C(=O)N(C)c2cnc(Nc3ccc(C(=O)NC4CCN(C)CC4)cc3OC)nc2N1C1CCCC1,0,224.2950726934259,30.070169354364143,17.478738937115427,5.817862777835028,11.855519010338,5.907179729351506,0.0,9.589074368143644,4.9839785209472085,4.9839785209472085,0.0,19.765380445542643,70.44039411451722,24.69480513267011,18.99402738757417,14.325937321943693,34.95533406689165,0.0,20.184655376751227,0.0,69.99501104761659,49.41126238416436,29.9593962686949,0.0,5.749511833283905,25.170259623513665,23.140974608188646,5.749511833283905,0.0,79.10240303734884,4.794537184071822,0.0,62.22747723594152,24.395944776997904,0.0,0.0,0.0
CNC(=O)c1ccc(Nc2ncc(C(F)(F)F)c(NCc3nccnc3N(C)S(C)(=O)=O)n2)cc1,0,198.4421605640557,15.950365812018994,17.075242264380485,5.817862777835028,15.97163043439408,5.907179729351506,6.176298517443475,14.083731696315265,18.385754026223353,18.155223663971668,0.0,0.0,24.26546827384644,43.93671244657416,12.80052558942398,26.38357931142522,39.2019219940992,0.0,25.252702687795164,0.0,12.72105492335605,35.28990634817468,59.67682996692811,0.0,0.0,20.255581803315227,36.44269625436458,0.0,0.0,54.61200394633506,22.744346076763634,0.0,21.615368162314276,42.85599898868567,0.0,0.0,0.0
COc1ccc(/C=C/C(=O)c2c(O)cc(OC)cc2OC)cc1,0,134.2849385205168,19.31711625624085,28.561498824832615,5.783244946364939,0.0,0.0,0.0,4.794537184071822,0.0,0.0,0.0,18.208754243757102,23.772205735454097,12.13273413692322,21.3293926238326,24.111653440312672,11.85926505319882,0.0,0.0,0.0,0.0,21.3293926238326,53.60112550099753,0.0,22.99804733313562,14.210588861400147,0.0,22.99804733313562,0.0,32.219164965038246,0.0,0.0,15.921440167465814,42.47422251760354,0.0,6.076020106833881,0.0
CCC[C@H](Nc1nc(-c2ccc(NC(=O)NCC)c(OC)c2)ncc1C)c1cccnc1,0,188.41366838440882,20.687228765819043,11.567374611118932,5.824404497999927,0.0,0.0,6.031114512338072,4.9839785209472085,14.76249422596624,0.0,0.0,19.410925891078243,50.09721578785069,36.262190104145795,18.839024645109056,9.53140013787187,17.53636356485666,0.0,20.268724166847957,0.0,39.654695674071846,24.28813115520277,60.04926904054126,0.0,17.137367822980828,20.687228765819043,16.29978623659041,5.749511833283905,0.0,34.63760402236981,0.0,6.923737199690624,43.857861457775215,48.92236605714727,0.0,11.387855989696924,0.0
O=C(NOCC1CC1)c1ccc(F)c(F)c1Nc1ccc(I)cc1Cl,0,161.5323820940373,5.316788604006331,0.0,11.63444168209179,0.0,5.907179729351506,0.0,9.632125767808455,14.260926693470841,0.0,0.0,11.600939890232516,71.68225526138953,3.5701822710653963,28.567739319318363,18.412955863158096,51.47376279601921,0.0,5.480096598121202,5.917906046161393,12.841643245852019,11.923670568519249,56.12254410090356,0.0,0.0,10.796885202127534,20.15560264471676,0.0,34.191810517300574,12.514061693864424,4.8375885837366335,21.122529999318576,23.199631921620835,30.33183534230805,5.022633313741326,0.0,0.0
Nc1ccn([C@@H]2O[C@H](CO)[C@@H](O)C2(F)F)c(=O)n1,0,99.43404632324696,20.683585220643646,11.92182916558333,6.103966387748303,6.22790117073487,0.0,11.61227256629805,4.567099647791355,4.794537184071822,13.764808616296847,0.0,0.0,6.06636706846161,6.196843571613076,6.606881964512918,23.7307478388311,5.817862777835028,0.0,9.551078168738563,0.0,24.358363114326053,12.340549441675103,22.74749122234998,0.0,0.0,11.423410875365658,14.598692873184667,0.0,0.0,44.50147686652407,4.736862953800049,0.0,6.22790117073487,17.057747824146507,0.0,0.0,0.0
C#Cc1cccc(Nc2ncnc3cc(OCCOC)c(OCCOC)cc23)c1,0,169.5322632278569,24.264240419206526,25.358946781625406,11.49902366656781,0.0,0.0,0.0,0.0,9.967957041894417,0.0,6.423349895620259,11.986801387317254,24.26546827384644,36.92302413186203,18.730464646642098,18.947451815200196,22.40817398459965,0.0,9.967957041894417,0.0,0.0,45.96391154461307,48.288973977231194,0.0,23.84280788104371,14.790514511606428,11.50524905251859,11.49902366656781,0.0,50.61507998250116,9.473725907600098,12.343784214475903,5.563451491696996,42.7255224855342,0.0,10.902924932081056,0.0
CCC1=C[C@@H]2C[N@](C1)Cc1c([nH]c3ccccc13)[C@@](C(=O)OC)(c1cc3c(cc1OC)N(C)[C@H]1[C@@](O)(C(=O)OC)[C@H](OC(C)=O)[C@]4(CC)C=CCN5CC[C@]31[C@@H]54)C2.O=C(O)[C@H](O)[C@@H](O)C(=O)O.O=C(O)[C@H](O)[C@@H](O)C(=O)O,0,441.22197446000104,74.79008662056424,11.164502302680685,30.51983193874151,5.601050810983688,0.0,41.78513701566294,19.388893829844598,23.97268592035911,0.0,0.0,55.84774045533699,61.40558606409522,90.93631433573132,27.37123345298056,98.46795865726932,58.37544822242755,0.0,14.783797982648164,11.332896515558172,112.03379984350317,59.45599996101056,82.58364973128002,0.0,5.749511833283905,9.636772684650527,5.687386274683562,5.749511833283905,0.0,205.2883361900586,65.14708649460903,11.332896515558172,68.83878056071536,60.19936726134057,0.0,10.902924932081056,0.0
c1ccc(NCc2ccc(CNc3ccccn3)cc2)nc1,0,129.81449608952735,10.633577208012662,11.635725555670057,0.0,0.0,0.0,0.0,0.0,9.967957041894417,0.0,0.0,36.39820241076966,35.392371257240434,25.4831999550513,0.0,0.0,11.635725555670057,0.0,9.967957041894417,0.0,13.08951281182515,10.633577208012662,84.18426081123626,0.0,0.0,10.633577208012662,11.635725555670057,0.0,0.0,9.967957041894417,13.08951281182515,0.0,11.126902983393991,73.05735782784225,0.0,0.0,0.0
C/C(=C\c1csc(C)n1)[C@@H]1C[C@@H]2O[C@]2(C)CCC[C@H](C)[C@H](O)[C@@H](C)C(=O)C(C)(C)[C@@H](O)CC(=O)N1,0,212.92367889472533,20.26670634748779,5.783244946364939,0.0,5.907179729351506,0.0,0.0,9.589074368143644,4.9839785209472085,0.0,11.336785877934737,34.11577042168851,51.17988552798843,17.718790439553317,52.49215458740056,24.538992111625106,29.10323066048506,0.0,10.30076712495354,17.250802561719567,110.52505931584096,0.0,21.654718992236408,0.0,0.0,5.316788604006331,0.0,0.0,11.336785877934737,56.84224878972161,14.325937321943691,24.17453976141019,84.34808300447501,10.953167300535181,0.0,6.076020106833881,0.0
CO/C1=C\C(C)=C\[C@@H](C)[C@@H](O)[C@@H](C)C/C(C)=C/C=C/[C@H](OC)[C@@H]([C@@H](C)[C@@H](O)[C@H](C)[C@@]2(O)C[C@@H](O)[C@H](C)[C@@H](C(C)C)O2)OC1=O,0,264.16984650837406,39.37356139456302,12.207932775496605,5.7871111525705965,5.759164871656176,0.0,5.969305287951849,0.0,4.794537184071822,0.0,0.0,83.91644988530841,38.180128221463924,37.202243348849116,31.52566309227074,44.16809857863484,5.969305287951849,0.0,0.0,35.507436276968356,117.56618752212803,14.219595082555067,47.285474465964114,0.0,0.0,0.0,0.0,0.0,0.0,83.02591942893015,23.741988999272017,35.507436276968356,75.15527804306763,47.285474465964114,0.0,0.0,0.0
C1C2CC3CC1CC(C2)(C3)OCCN4CC5=CC6=C(C=C5OC4)OCO6,0,154.09039365603087,18.947451815200196,12.48032858078339,11.49902366656781,6.792942306099827,0.0,0.0,4.899909730850478,0.0,0.0,0.0,0.0,62.34501494450185,24.719331371983756,12.207932775496605,18.947451815200196,0.0,0.0,4.899909730850478,17.75371813848418,50.670736954452316,26.675397424024805,17.696185628620217,0.0,17.248535499851716,14.210588861400147,0.0,17.248535499851716,0.0,37.17635796585897,11.281619359712625,17.75371813848418,44.08838122925306,12.13273413692322,0.0,0.0,0.0
CCN(CC)C(=S)SSC(=S)N(CC)CC,1,117.90714002929566,9.799819461700956,8.641068171117942,0.0,0.0,0.0,0.0,0.0,0.0,0.0,0.0,24.43574688609339,49.282744751535944,26.1790256236503,0.0,0.0,54.66461100998478,0.0,9.799819461700956,0.0,27.694948798762496,26.1790256236503,0.0,0.0,0.0,0.0,0.0,0.0,46.023542838866845,44.6199132564692,0.0,0.0,27.694948798762496,0.0,0.0,0.0,0.0
CC(C)CC(NC(=O)C(Cc1ccccc1)NC(=O)c1cnccn1)B(O)O,1,164.11611240521268,20.68162235814467,11.735768823996422,0.0,5.907179729351506,5.907179729351506,7.118392334224363,14.573052889090853,4.9839785209472085,0.0,0.0,44.179309741689295,17.9021791607844,18.814508766152162,12.138036169478873,19.63711951827565,18.932751792927373,0.0,20.60153424990708,5.917906046161393,38.67215107224702,0.0,60.17974554369273,0.0,0.0,10.633577208012662,0.0,0.0,0.0,50.931787411967555,11.21535880699783,5.917906046161393,36.320212692924535,48.92236605714727,0.0,0.0,0.0
C[C@@H](O[C@H]1OCCN(Cc2nc(=O)[nH][nH]2)[C@H]1c1ccc(F)cc1)c1cc(C(F)(F)F)cc(C(F)(F)F)c1,0,204.7483434087219,9.473725907600098,11.641625339045822,6.290026729335213,0.0,0.0,18.042340433090423,9.998591539151516,14.283634040047678,31.326468806996132,0.0,12.13273413692322,48.382475525392664,6.544756405912575,36.42434857071575,40.20663124132384,0.0,0.0,20.08125186839976,0.0,44.25692458672163,13.151638370425493,86.84428136734039,0.0,0.0,5.689743398203474,30.732905333723743,0.0,0.0,39.522916968160466,28.371079348399622,5.817220841045895,47.147754881374794,47.25910666330309,0.0,0.0,0.0
C#Cc1cccc(Nc2ncnc3cc(OC)c(OCCCCCCC(=O)NO)cc23)c1,0,186.49471353296215,14.790514511606428,12.14518285259957,11.49902366656781,5.907179729351506,0.0,0.0,10.001790208849112,15.448053640015619,0.0,6.423349895620259,24.828444633169273,37.107111519698464,29.124250672232975,19.233380223406712,19.47551611644921,28.315353713951154,0.0,15.448053640015619,0.0,32.10410811463005,19.033468109796782,48.288973977231194,0.0,23.84280788104371,20.270611109727632,11.50524905251859,11.49902366656781,0.0,34.79906930181367,4.794537184071822,12.343784214475903,37.667559606327046,42.7255224855342,0.0,10.902924932081056,0.0
Cc1ncc([N+](=O)[O-])n1CCOC(=O)NC(Nc1ncccn1)C(Cl)(Cl)Cl,0,167.69379196230136,20.16796982657195,19.34848194203857,11.990180110134453,9.740875216516265,0.0,11.911102848773442,5.316788604006331,24.3135723947048,0.0,0.0,34.802819670697545,10.989678117279281,19.317424342916777,0.0,14.45471118668954,52.662261800457486,0.0,24.83582381463931,0.0,23.426805153267498,11.923670568519249,40.59562055006634,0.0,0.0,10.633577208012662,16.560739242893344,0.0,34.802819670697545,47.10077984256628,11.281619359712625,17.038055468456196,5.824404497999927,24.65689778330084,0.0,0.0,0.0
Cc1sc2c(c1C)C(c1ccc(Cl)cc1)=N[C@@H](CC(=O)OC(C)(C)C)c1nnc(C)n1-2,0,190.49502438706983,4.736862953800049,22.468378114819444,5.824404497999927,0.0,0.0,5.969305287951849,14.354041564498846,0.0,0.0,21.534149494536813,23.733674027155736,59.23860882676395,21.026683490836618,12.132506625696712,9.53140013787187,34.6187160588898,0.0,14.76446326439343,4.992404732635669,59.60613646120139,0.0,62.50441225237991,0.0,5.001081976687867,0.0,0.0,0.0,22.937725768167255,32.04650436609967,9.53140013787187,20.771211599071872,66.45018471593798,29.25787300648211,5.022633313741326,5.001081976687867,0.0
O=C(N/N=C/c1ccc(O)c(O)c1)c1cc2ccccc2cc1O,0,136.8595901324244,15.319582184522117,5.749511833283905,11.49902366656781,0.0,5.907179729351506,0.0,4.794537184071822,5.425791397110385,5.101407525739723,0.0,24.26546827384644,46.667735262934634,0.0,11.778052071232313,20.11411936859394,22.894228737816416,0.0,5.425791397110385,5.101407525739723,0.0,0.0,65.72420659954848,0.0,17.248535499851716,5.425791397110385,0.0,17.248535499851716,0.0,27.44136249340894,0.0,0.0,15.921440167465814,59.69871114189421,0.0,10.772448428929591,0.0
CNC1=CC=CC(=N1)CCOC2=CC3=C(CC(C(=O)N(C3)CC(F)(F)F)CC(=O)O)C=C2,0,182.75380265572147,20.06008868349756,18.11213101703151,0.0,5.907179729351506,0.0,12.145603805395325,9.589074368143644,4.9839785209472085,13.171245143024459,0.0,12.13273413692322,41.81319288016644,25.707178006364234,18.94560963360032,32.60370985980885,17.694347795138384,0.0,9.883888251797686,5.917906046161393,31.98351979213408,25.516098957109016,53.21903338901211,0.0,5.749511833283905,10.05365155780638,18.98910792085949,5.749511833283905,0.0,53.2425095344879,28.975474019908237,5.917906046161393,23.24165260116846,36.39820241076966,0.0,0.0,0.0
CCNC(=O)CC1C2=NN=C(N2C3=C(C=C(C=C3)OC)C(=N1)C4=CC=C(C=C4)Cl)C,0,179.3096969570765,10.05365155780638,17.61575716043179,5.824404497999927,5.907179729351506,0.0,0.0,14.354041564498846,0.0,0.0,10.197363616602075,23.733674027155736,44.179309741689295,22.694292703047893,24.929690441657804,9.53140013787187,23.219804622354722,0.0,20.08125186839976,4.992404732635669,26.31013685145522,13.65455394719011,70.26291477236644,0.0,11.436898107967467,10.05365155780638,0.0,5.749511833283905,11.600939890232516,40.03788194370575,4.794537184071822,6.923737199690624,42.16211163115844,47.45697421186694,5.022633313741326,5.687386274683562,0.0
CC(C)NCC(O)COc1ccc(CCOCC2CC2)cc1.Cl,0,145.52915698609428,19.897041906447136,18.460360185545124,0.0,0.0,0.0,0.0,0.0,0.0,0.0,12.407033161179976,25.980208536304467,42.87655654355964,19.193479199573453,6.606881964512918,14.580253302440804,12.407033161179976,0.0,5.316788604006331,5.917906046161393,45.25574648505555,26.36540229945133,29.828919765543436,0.0,5.749511833283905,10.05365155780638,0.0,5.749511833283905,12.407033161179976,43.617736911188295,11.157684576726059,5.917906046161393,32.25256913693026,24.26546827384644,0.0,0.0,0.0
Cc1cc(Nc2cc(Cl)nc(Oc3ccc([N+](=O)[O-])cc3)n2)n[nH]1,0,140.3667409407766,10.05365155780638,16.720484428011726,5.817862777835028,0.0,5.687386274683562,6.010464839586836,15.21300007706661,0.0,15.066638850195455,0.0,11.600939890232516,19.056471336613843,29.9593962686949,4.923311048817671,9.660174002617719,28.924051720586135,0.0,20.16532065849649,0.0,6.923737199690624,5.316788604006331,57.35955849127648,0.0,11.759976672870742,10.05365155780638,17.323111830353618,11.759976672870742,11.600939890232516,25.088631707314164,0.0,17.038055468456196,5.693927994848461,36.39820241076966,5.153109816892792,0.0,0.0
Cc1nc(Nc2ncc(C(=O)Nc3c(C)cccc3Cl)s2)cc(N2CCN(CCO)CC2)n1,0,201.00196040766053,20.640014333703846,22.337277247371283,5.131558479839333,0.0,5.907179729351506,0.0,9.694446914922299,14.951935562841626,0.0,0.0,35.07045990509047,25.477292959539852,38.790149098024486,23.513745124550884,9.901064578912528,51.299575807711705,0.0,19.851845293692104,0.0,13.847474399381248,54.86415093293893,51.74994834259906,0.0,0.0,15.53348693886314,22.454670310192952,0.0,22.937725768167255,70.1962164119601,0.0,13.847474399381248,21.059540367470042,30.462311845459514,5.022633313741326,0.0,0.0
CC(C)NCC(O)COc1cccc2ccccc12.Cl,0,125.9134547554722,15.160178952647087,18.460360185545124,0.0,0.0,0.0,0.0,0.0,0.0,0.0,12.407033161179976,50.245676810150904,11.452591282926406,17.97282144952533,0.0,9.843390348640755,23.179481590109567,0.0,5.316788604006331,0.0,25.993281616277514,13.151638370425493,42.46456947923127,0.0,5.749511833283905,10.05365155780638,0.0,5.749511833283905,12.407033161179976,30.40397298216246,0.0,0.0,13.847474399381248,42.46456947923127,0.0,10.772448428929591,0.0
CNC(=O)C1=CC=CC=C1NC2=CC(=NC=C2C(F)(F)F)NC3=C(C=C(C=C3)N4CCOCC4)OC,1,205.97358426307892,30.32400145046957,11.567374611118932,0.0,0.0,5.907179729351506,6.176298517443475,4.794537184071822,4.9839785209472085,13.171245143024459,0.0,12.13273413692322,24.26546827384644,44.15414877772219,48.51262327774805,27.43950823469638,34.47458760592078,0.0,10.30076712495354,0.0,6.176298517443475,55.99423320366884,65.85468310269995,0.0,5.749511833283905,25.58713849666952,41.73865301959374,5.749511833283905,0.0,51.35190451510442,10.913161471243523,0.0,15.921440167465814,54.727780119305955,0.0,0.0,0.0
COc1cc2c(cc1-c1c(C)noc1C)ncc1[nH]c(=O)n([C@H](C)c3ccccn3)c12,0,177.05210789787088,14.243936411720604,11.509759252158346,0.0,0.0,0.0,5.689743398203474,14.53505668968577,4.794537184071822,0.0,0.0,11.223030325587056,45.03667987291831,17.146519277774868,52.849891576281266,9.259957890773396,21.936326367313576,0.0,24.675698467758426,0.0,26.813052428219834,7.109797541277533,70.35790647638086,0.0,16.876414816677897,10.426606352003523,0.0,5.749511833283905,0.0,31.785496009035956,0.0,13.847474399381248,30.11368143740995,52.04315460657938,0.0,33.063229350707566,0.0
CC(C)C[C@@H](NC(=O)[C@@H](Cc1ccccc1)NC(=O)[C@H](N)Cc1ccccc1)C(=O)N[C@H](CCCCN)C(=O)N1CCC(N)(C(=O)O)CC1.O=C(O)C(F)(F)F,1,323.4602909253717,48.264332764037434,23.664447739827224,0.0,23.628718917406022,0.0,18.114909093347173,23.97268592035911,4.794537184071822,13.171245143024459,0.0,74.51114508399735,68.53531679595002,19.51033443475116,6.041840829147961,52.151523037136805,35.56732949330972,0.0,20.850275542869472,23.11890847764795,101.096634469208,19.634269217737724,71.7905736680101,0.0,0.0,33.151368243505544,13.171245143024459,0.0,0.0,106.19715031799802,41.608866350282945,5.917906046161393,63.49930712033131,60.6636706846161,0.0,0.0,0.0
Cc1ccc(C(=O)N(CCCN)[C@@H](c2nc3cc(Cl)ccc3c(=O)n2Cc2ccccc2)C(C)C)cc1,0,222.2519794499999,10.633577208012664,5.824404497999927,0.0,0.0,11.466446624403513,0.0,14.156174015934997,4.9839785209472085,0.0,0.0,73.47643526054203,61.702508108695646,17.130841211350898,23.489522167141594,4.794537184071822,28.41104455166508,0.0,14.450987899589041,11.651573523323577,39.77863045705841,13.08951281182515,110.68760118749543,0.0,0.0,11.29293437221419,0.0,0.0,11.600939890232516,33.447680440765694,6.544756405912575,12.841643245852017,53.619433008617946,77.59094200561115,5.022633313741326,10.902924932081056,0.0
Nc1ccccc1NC(=O)c1ccc(CNc2nccc(-c3cccnc3)n2)cc1,0,173.5926510735943,16.367244685174846,0.0,0.0,5.948339280986494,5.907179729351506,0.0,9.77851570501903,9.967957041894417,0.0,0.0,24.26546827384644,48.02802097092827,36.262190104145795,17.068700544215584,4.794537184071822,23.230291559705126,0.0,14.951935562841626,0.0,6.544756405912575,16.367244685174846,96.44747145131095,0.0,11.257379486545457,16.367244685174846,17.323111830353618,0.0,0.0,20.85911529219313,6.544756405912575,0.0,15.921440167465814,85.32056846791696,0.0,11.257379486545457,0.0
CC(C)[C@H]1C(=O)N[C@@H](CCCNC(=N)N)C(=O)NCC(=O)N[C@@H](CC(=O)O)C(=O)N[C@H](Cc2ccccc2)C(=O)N1C.O=C(O)C(F)(F)F,0,278.5751864486171,47.43057501772572,24.167363316591842,5.959554568743835,29.535898646757527,0.0,18.114909093347173,34.17650671022245,4.794537184071822,13.171245143024459,0.0,44.179309741689295,24.323000783710405,20.013250011515776,12.965578028838586,56.946060221208626,47.43406379140506,5.409283605791522,31.483852750882132,11.651573523323577,69.87442272512061,20.13718479450234,35.89528683400505,0.0,0.0,32.31761049719384,13.171245143024459,0.0,0.0,113.02787494047462,39.98258191142876,11.327189651952915,38.673390759856275,30.33183534230805,0.0,0.0,0.0
CC(C)CCn1c(CN2CCN(C(=O)C3CC3)CC2)nc2c1c(=O)n(C)c(=O)n2C,0,175.44273163869738,9.467009378641833,5.824404497999927,11.16387793838399,5.907179729351506,5.559266895052007,5.689743398203474,23.62318339457683,9.77851570501903,0.0,0.0,13.847474399381248,25.18037091493942,52.737032041078635,6.544756405912575,4.794537184071822,17.071057667735495,0.0,28.48509692602223,25.931156057677168,46.199452079984425,26.1790256236503,26.66248915939905,0.0,0.0,11.24901029325548,0.0,0.0,0.0,60.57130227902403,31.979393961251354,11.835812092322787,38.9343437661592,9.589074368143644,0.0,11.16387793838399,0.0
CN1CCc2cc(Nc3ncc(C4CC4)c(NCCCNC(=O)C4CCC4)n3)ccc2C1,0,189.95537386388673,20.85027554286947,5.817862777835028,0.0,11.855519010338,0.0,0.0,4.794537184071822,4.9839785209472085,4.9839785209472085,0.0,12.487188691387619,74.75014488671187,49.544613007805324,0.0,4.794537184071822,23.36076806285659,0.0,20.184655376751223,5.917906046161393,57.40841381255604,37.31551840842758,41.08629925208889,0.0,0.0,15.950365812018994,17.453588333505085,0.0,0.0,47.45698770251132,17.760115212910407,5.917906046161393,61.13319025880844,24.395944776997904,0.0,0.0,0.0
Cc1ccc(=O)n(-c2ccccc2)c1,0,82.44458100754319,0.0,0.0,0.0,0.0,5.559266895052007,0.0,9.361636831863176,0.0,0.0,0.0,24.26546827384644,24.619922828310838,17.95059691475825,0.0,0.0,0.0,0.0,4.567099647791355,0.0,6.923737199690624,0.0,64.57866862166517,0.0,5.687386274683562,5.559266895052007,0.0,0.0,0.0,4.567099647791355,0.0,6.923737199690624,5.563451491696996,53.45595023491617,0.0,5.687386274683562,0.0
Cl.N[C@H](Cc1c[nH]c2ccccc12)C(=O)N/N=C/c1ccc2nccnc2c1,0,167.0298779688342,10.717645998109393,0.0,0.0,0.0,5.907179729351506,0.0,14.76249422596624,5.425791397110385,5.101407525739723,12.407033161179976,24.26546827384644,35.74682581170483,29.493455646920285,23.2898428439158,4.794537184071822,46.46513983738038,0.0,20.37772695995201,10.835075002901908,12.462662452073971,0.0,72.1820031774645,0.0,0.0,11.15945887427257,0.0,0.0,12.407033161179976,33.115556700876404,11.21535880699783,0.0,11.126902983393991,66.15650771981022,0.0,21.936326367313576,0.0
O=c1c(-c2ccc(O)cc2)coc2cc(O[C@@H]3O[C@H](CO)[C@@H](O)[C@H](O)[C@H]3O)ccc12,0,169.5185815341932,39.42351381885697,47.76107235484231,5.428790391900541,6.290026729335213,0.0,0.0,4.794537184071822,0.0,0.0,0.0,12.13273413692322,29.828919765543436,6.06636706846161,17.55655767067471,39.42351381885697,10.969244356107037,0.0,0.0,0.0,30.70589228032842,6.606881964512918,58.951060050842685,0.0,22.6259266499618,10.16565334570059,0.0,11.49902366656781,0.0,62.84541121904486,4.736862953800049,0.0,0.0,57.93942059599549,0.0,22.09614733950103,0.0
CC1=CC(=CN=C1C2=CC(=NC=C2)C)CC(=O)NC3=NC=C(C=C3)C4=NC=CN=C4,0,173.87207838365978,5.316788604006331,5.817862777835028,0.0,5.907179729351506,0.0,0.0,24.730451267860655,4.9839785209472085,0.0,0.0,6.06636706846161,49.239845656621675,47.80504883630783,24.00552118423601,4.794537184071822,11.725042507186533,0.0,24.91989260473604,0.0,20.268296022307258,5.316788604006331,84.33372775022895,0.0,22.514758973090913,5.316788604006331,5.817862777835028,0.0,0.0,30.827072334087546,11.21535880699783,13.847474399381248,16.82083097824245,67.51289677198649,0.0,22.514758973090913,0.0
CC(=NNc1c(Cl)cc(Cl)cc1Cl)c1cc(Cl)ccc1O,0,141.64100090378003,5.106527394840706,5.749511833283905,0.0,0.0,0.0,0.0,5.425791397110385,0.0,5.101407525739723,0.0,46.40375956093006,37.255572541998674,15.608718119179649,21.44433790493692,5.106527394840706,57.80283083838433,0.0,0.0,5.101407525739723,6.923737199690624,5.425791397110385,55.98582008897035,0.0,5.749511833283905,5.425791397110385,5.687386274683562,5.749511833283905,46.40375956093006,10.818212397611408,0.0,0.0,12.487188691387619,35.43324286804777,20.090533254965305,0.0,0.0
CC1=C(C(=O)Nc2cc3cn[nH]c3cc2F)C(c2ccc(C(F)(F)F)cc2)CC(=O)N1,0,172.87643673612965,10.633577208012662,5.817220841045895,0.0,5.907179729351506,5.907179729351506,6.176298517443475,14.68775617644468,4.39041504767482,18.269926951325495,0.0,12.13273413692322,30.686289896772447,35.06146279513891,22.964382055609896,27.15073455884292,28.404670665467627,0.0,15.514152220608405,0.0,25.438763386221503,5.316788604006331,70.80931364994773,0.0,0.0,10.633577208012662,23.24904646538284,0.0,0.0,22.011723075305085,15.76537288558712,5.817220841045895,30.38936785217202,53.865189825507834,0.0,10.902924932081056,0.0
CCOc1cc2ncc(C#N)c(Nc3ccc(OCc4ccccn4)c(Cl)c3)c2cc1NC(=O)/C=C/CN(C)C,0,237.57038664186246,25.007212846463236,24.175126943873003,0.0,5.907179729351506,0.0,0.0,14.76249422596624,0.0,5.261891554738487,0.0,23.743327065528007,57.41728357581466,42.15444121358257,39.77836803178308,14.268263091671919,45.47320337571576,5.261891554738487,14.867866772744895,0.0,13.530619164203543,37.880559543792536,89.35667670487358,0.0,17.568244979360085,20.10730311561276,17.062158824050687,11.49902366656781,11.600939890232516,48.02202883787626,11.40141914858474,11.33111286753076,18.18111668623608,73.0766639045868,5.022633313741326,10.902924932081056,0.0
C=C(C)[C@@H]1CC[C@]2(C(=O)O)CC[C@]3(C)[C@H](CC[C@@H]4[C@@]5(C)CC[C@H](O)C(C)(C)[C@@H]5CC[C@]43C)[C@@H]12,0,201.35380314993657,10.213054789681411,0.0,0.0,0.0,0.0,5.969305287951849,4.794537184071822,0.0,0.0,0.0,46.77072621212088,122.38144553734482,0.0,11.518956857145081,15.007591973753234,5.969305287951849,0.0,0.0,56.66448257779085,111.85460581515214,0.0,12.152040213667764,0.0,0.0,0.0,0.0,0.0,0.0,22.286326465381563,4.794537184071822,56.66448257779085,105.75063942740384,12.152040213667764,0.0,0.0,0.0
Cc1c(F)cccc1NC(=O)Nc1ccc(Cl)c(S(=O)(=O)[C@H]2CCCNC2)c1O,0,172.7368033874664,21.056893206859698,10.71270431656367,15.586764969701406,0.0,0.0,6.031114512338072,0.0,17.60274921607558,0.0,0.0,17.667306958694127,50.57560512530166,17.795594172293132,15.959957618407064,22.709276610916284,38.84408008835521,0.0,5.316788604006331,0.0,29.910801951042593,23.723090019837812,46.73514098879226,0.0,5.749511833283905,15.950365812018994,20.559724781113765,5.749511833283905,11.600939890232516,37.89488973331504,9.837253136417502,12.740958040736519,18.405094737549014,35.227318817825825,5.022633313741326,0.0,0.0
Cc1nc(Nc2n[nH]c3c2CN(C(=O)N[C@H](CN(C)C)c2ccccc2)C3(C)C)c2sccc2n1,0,208.1286810641337,20.433396669713616,5.824404497999927,11.635725555670057,0.0,0.0,6.031114512338072,5.098681808301038,14.76249422596624,5.098681808301038,11.336785877934737,30.33183534230805,51.876436895050766,12.10820789760957,34.0360711163777,4.794537184071822,39.220246580028224,0.0,35.28192872420378,0.0,38.89673408651576,25.956888975273287,64.42350065747794,0.0,0.0,10.633577208012662,16.430262739741877,0.0,11.336785877934737,56.63635500380247,12.08368165829592,6.923737199690624,42.53455070477159,41.778265181235575,0.0,10.216620634085363,0.0
Nc1ccccc1NC(=O)c1ccc(CNC(=O)OCc2cccnc2)cc1,0,162.10121246398114,21.104107638974895,6.606881964512918,0.0,0.0,5.907179729351506,6.093240070938415,9.77851570501903,4.794537184071822,0.0,0.0,30.33183534230805,35.89528683400505,30.06534653253272,11.374772549367124,14.325937321943693,23.375192349657045,0.0,10.30076712495354,0.0,13.151638370425493,11.050456081168516,89.74771230293325,0.0,0.0,16.367244685174846,16.169309733438947,0.0,0.0,16.98439832123713,17.888501324225544,0.0,21.48489165916281,73.05735782784227,0.0,0.0,0.0
C1=CC(=C(C=C1I)F)NC2=C(C=CC(=C2F)F)C(=O)NOCC(CO)O,0,159.6240078136065,15.529843393687743,18.528069193307118,11.63444168209179,0.0,5.907179729351506,0.0,9.632125767808455,18.65134174114566,0.0,0.0,0.0,52.92270596937611,3.5701822710653963,23.54510600557704,33.016425700514326,39.872822905786684,0.0,5.480096598121202,0.0,6.103966387748303,18.530552533032168,56.917131628208125,0.0,0.0,10.796885202127534,24.546017692391587,0.0,22.590870627068057,35.43796483580706,4.8375885837366335,21.021844794203083,10.357988675768818,30.33183534230805,0.0,0.0,0.0
CC(C)CCN1c2nc(Nc3cc(F)c(O)c(F)c3)ncc2N(C)C(=O)C1C,0,161.5627973456013,20.223135460547994,11.729227103831523,23.201816293210722,11.855519010338,0.0,0.0,4.794537184071822,13.764808616296847,4.9839785209472085,0.0,13.847474399381248,19.262464868778025,31.412548800196546,6.196843571613076,18.681894674262168,29.04815433754015,0.0,9.967957041894417,5.917906046161393,33.23387405114585,28.709036454297053,29.964019390628085,0.0,5.749511833283905,15.116608065707286,31.921804703538285,5.749511833283905,0.0,40.61593338382435,4.794537184071822,17.55234772825318,27.19203322199788,18.3295777085363,0.0,0.0,0.0
CC(=O)N1CCCC1C(=O)NC(CC2=CN=CN2)C(=O)NC(CO)C(=O)NC(CS)C(=O)NC(CC(=O)N)C(=O)N,0,239.87224157042573,47.72490501698808,30.209204145739804,0.0,41.35025810546054,0.0,0.0,33.561760288502754,4.9839785209472085,12.628789148012991,0.0,0.0,12.841643245852019,37.532940401737534,19.355023662203468,38.66828768334346,53.97904725347353,0.0,36.13502118877022,11.46733495432437,62.81622783713446,18.90449197717228,18.21809164122608,0.0,0.0,32.73448937034969,0.0,0.0,12.628789148012991,110.43834839595824,39.98258191142876,0.0,31.880130063317115,12.524163646377618,0.0,0.0,0.0
Cc1ccc(Sc2cncc3sc(C(N)=O)cc23)cc1,0,124.38458015986917,5.733667477162185,0.0,0.0,0.0,5.907179729351506,0.0,9.77851570501903,0.0,0.0,11.336785877934737,29.45807057801133,25.122838405075452,27.5708783087265,9.5770671101704,4.794537184071822,39.091994687611255,0.0,4.9839785209472085,5.733667477162185,16.714704150726174,0.0,53.1661211709325,0.0,0.0,5.733667477162185,0.0,0.0,23.098670827325854,10.891158250298714,0.0,6.923737199690624,15.235135869470117,52.51648943656975,0.0,10.086144130933896,0.0
O=C1Nc2cc(Br)ccc2/C1=C1/Nc2ccccc2/C1=N\O,0,134.0193892543401,15.840830232789951,5.711685002770702,0.0,0.0,5.907179729351506,0.0,4.794537184071822,0.0,0.0,0.0,45.35112489854633,18.19910120538483,21.287008773909967,16.957530117808663,10.001790208849112,44.49668570950794,0.0,0.0,5.15571272675054,0.0,10.633577208012662,63.7612312915135,0.0,0.0,10.633577208012662,11.374772549367124,0.0,15.929943897949348,16.8261177568995,4.794537184071822,0.0,11.126902983393991,57.79004103487006,0.0,5.573104530069267,0.0
CCN1CCN(Cc2ccc(NC(=O)c3ccc(C)c(NC(=O)c4cncc(-c5cccs5)c4)c3)cc2C(F)(F)F)CC1,0,251.9102712103696,15.533486938863138,0.0,0.0,0.0,11.814359458703011,6.176298517443475,19.472962619941327,0.0,13.171245143024459,11.336785877934737,25.122838405075452,66.37366177023276,72.49629189925143,11.126902983393991,22.760319511168106,34.525917886004876,0.0,14.783797982648164,0.0,26.568529322737298,43.35735923757553,100.18831098833157,0.0,10.440598685398296,10.633577208012662,24.546017692391587,0.0,11.336785877934737,59.32193947091405,12.72105492335605,6.923737199690624,44.330069026319244,72.37105352984656,0.0,10.440598685398296,0.0
COc1cc2ncnc(Nc3ccc(F)c(Cl)c3)c2cc1OCCCCCOCCOCCC(=O)N[C@H](C(=O)N1C[C@H](O)C[C@H]1C(=O)NCc1ccc(-c2scnc2C)cc1)C(C)(C)C,0,386.9476398958549,44.90425475291037,30.046085351941386,11.49902366656781,17.721539188054518,0.0,0.0,14.383611552215466,19.342350610516444,0.0,11.336785877934737,56.63761976315082,66.99356379510587,49.678015579800054,66.26224028060223,42.828005809931184,63.06743894082142,0.0,30.485422501704765,5.41499046939678,84.53146136534933,52.00575237376102,88.53239660586911,0.0,21.939622351966108,25.42409171961909,15.89566410019341,11.49902366656781,22.937725768167255,107.55652369238625,30.402093865728137,18.1559485101333,64.13269920024737,66.43516296453642,5.022633313741326,21.34352361747935,0.0
C[C@@H]1O[C@@H](Oc2c(-c3ccc(O)c(O)c3)oc3cc(O)cc(O)c3c2=O)[C@H](O)[C@H](O)[C@H]1O,0,179.10704903858527,49.636568608538376,40.78016718591975,17.25927108544225,17.46832895451966,0.0,0.0,4.794537184071822,0.0,0.0,0.0,0.0,25.122838405075452,17.696185628620217,6.103966387748303,49.636568608538376,10.969244356107037,0.0,0.0,0.0,37.62962948001904,0.0,40.55516291828041,0.0,40.07125807699096,10.16565334570059,0.0,28.747559166419524,0.0,66.45158404421335,4.736862953800049,0.0,6.923737199690624,39.54352346343322,0.0,22.292943266678478,0.0
